timestamp,job_runtime,memory_usage,throughput,job_runtime_anomaly_zscore,memory_usage_anomaly_zscore,throughput_anomaly_zscore,global_anomaly_iforest
2026-01-01 00:00:00,122.48357076505616,4165.967771829301,486.4964345005124,0,0,0,0
2026-01-01 01:00:00,119.30867849414408,4142.231684145639,497.1096265856896,0,0,0,0
2026-01-01 02:00:00,123.23844269050346,4098.981518496009,484.1516015800008,0,0,0,0
2026-01-01 03:00:00,127.61514928204012,4063.653161114721,493.8407694072192,0,0,0,0
2026-01-01 04:00:00,118.82923312638331,4130.91116568068,462.1277066609243,0,0,0,0
2026-01-01 05:00:00,118.8293152152541,4115.674269271088,504.2658741474588,0,0,0,0
2026-01-01 06:00:00,127.89606407753696,4140.759661001387,500.0241095072445,0,0,0,0
2026-01-01 07:00:00,123.83717364576457,4127.758590084099,483.6582273786362,0,0,0,0
2026-01-01 08:00:00,117.65262807032524,4148.477635765967,513.1849133686482,0,0,0,0
2026-01-01 09:00:00,122.71280021792982,4069.238239421972,518.7514027525311,0,0,0,0
2026-01-01 10:00:00,117.68291153593768,4161.869703281716,467.8488027126205,0,0,0,0
2026-01-01 11:00:00,117.67135123214872,4105.87998023462,484.7455044286757,0,0,0,0
2026-01-01 12:00:00,121.20981135783018,4199.763043631263,484.617153004254,0,0,0,0
2026-01-01 13:00:00,110.433598776711,4061.5406090955216,481.2019379778227,0,0,0,0
2026-01-01 14:00:00,111.37541083743484,4182.798190158263,516.589496838635,0,0,0,0
2026-01-01 15:00:00,117.18856235379512,4105.895539173132,496.12347722454393,0,0,0,0
2026-01-01 16:00:00,114.93584439832787,4063.429099819278,494.7097031737878,0,0,0,0
2026-01-01 17:00:00,121.57123666297636,4071.805708297284,459.9227527118649,0,0,0,0
2026-01-01 18:00:00,115.45987962239394,4079.982634590284,512.7083606041846,0,0,0,0
2026-01-01 19:00:00,112.93848149332354,4117.208297320096,475.2148321029305,0,0,0,0
2026-01-01 20:00:00,127.32824384460775,4122.141774401775,501.1986526053266,0,0,0,0
2026-01-01 21:00:00,118.87111849756732,4067.3149998030713,505.54753875916384,0,0,0,0
2026-01-01 22:00:00,120.33764102343962,4094.782270386951,527.213171916773,0,0,0,0
2026-01-01 23:00:00,112.87625906893273,4203.113517930593,473.8235920176178,0,0,0,0
2026-01-02 00:00:00,117.27808637737408,4182.377158505035,439.6097568835835,0,0,0,0
2026-01-02 01:00:00,120.55461294854932,4117.816183483702,503.6769908950739,0,0,0,0
2026-01-02 02:00:00,114.24503211288848,4097.90017390841,536.0102236302171,0,0,0,0
2026-01-02 03:00:00,121.87849009172837,4102.001566335913,524.7789270587888,0,0,0,0
2026-01-02 04:00:00,116.99680655040598,4126.675898636521,504.1931883054925,0,0,0,0
2026-01-02 05:00:00,118.54153125103362,4044.86037174008,490.1672762873591,0,0,0,0
2026-01-02 06:00:00,116.991466938853,4083.131173128833,516.1424519327462,0,0,0,0
2026-01-02 07:00:00,129.26139092254468,4012.57079630612,480.5290760059106,0,0,0,0
2026-01-02 08:00:00,119.93251387631032,4115.961156130264,509.5271553871244,0,0,0,0
2026-01-02 09:00:00,114.71144535522048,4128.359796985137,510.1094031833325,0,0,0,0
2026-01-02 10:00:00,124.11272456051594,4071.840676885032,521.2041981499776,0,0,0,0
2026-01-02 11:00:00,113.89578175014488,4174.699338164502,555.1932007782216,0,0,0,0
2026-01-02 12:00:00,121.04431797502376,4034.711716849883,507.8483193435753,0,0,0,0
2026-01-02 13:00:00,110.20164938060113,4022.781255989509,489.82072748585,0,0,0,0
2026-01-02 14:00:00,113.35906975550785,4107.222590927999,499.4885137561601,0,0,0,0
2026-01-02 15:00:00,120.98430617934562,4148.354915130608,464.6184819022176,0,0,0,0
2026-01-02 16:00:00,123.69233289997705,4180.196384572893,486.10573737821886,0,0,0,0
2026-01-02 17:00:00,120.85684140594984,4073.055786856553,491.8143512377379,0,0,0,0
2026-01-02 18:00:00,119.4217585880588,4149.934041671565,489.5182320413081,0,0,0,0
2026-01-02 19:00:00,118.49448152205356,4094.074576524965,503.04709744067446,0,0,0,0
2026-01-02 20:00:00,112.60739004816288,4087.368635002959,483.551601352356,0,0,0,0
2026-01-02 21:00:00,116.40077895802644,4140.182996874333,522.4206133464894,0,0,0,0
2026-01-02 22:00:00,117.69680614520108,4128.616143920671,500.004141298364,0,0,0,0
2026-01-02 23:00:00,125.28561113109458,4017.180392150788,499.8139935772277,0,0,0,0
2026-01-03 00:00:00,121.71809144784233,4169.827017486295,493.4421056697416,0,0,0,0
2026-01-03 01:00:00,111.18479922318632,4165.004567707372,503.1038136771796,0,0,0,0
2026-01-03 02:00:00,121.62041984697396,4064.721864924524,516.5019652933527,0,0,0,0
2026-01-03 03:00:00,118.07458859791842,4115.790176671871,482.657395685782,0,0,0,0
2026-01-03 04:00:00,116.6153899984702,4120.701509314137,486.8376702184949,0,0,0,0
2026-01-03 05:00:00,123.05838144420434,4109.033688291195,493.9254794244667,0,0,0,0
2026-01-03 06:00:00,125.15499761247976,4068.484742307729,473.0825815305357,0,0,0,0
2026-01-03 07:00:00,124.656400595581,4062.418831603097,483.6148428055701,0,0,0,0
2026-01-03 08:00:00,115.8039123838868,4094.722296450428,490.4755825291068,0,0,0,0
2026-01-03 09:00:00,118.45393812074391,4154.636450962968,517.4877836142546,0,0,0,0
2026-01-03 10:00:00,121.65631715701782,4123.180007729721,505.2512265800385,0,0,0,0
2026-01-03 11:00:00,124.8777256356118,4077.469283395695,503.8717982273509,0,0,0,0
2026-01-03 12:00:00,117.60412881077356,4134.584935532417,517.0179592433594,0,0,0,0
2026-01-03 13:00:00,119.07170511668092,3953.572868968496,497.2525642320121,0,0,0,0
2026-01-03 14:00:00,114.46832512996986,4153.438285018605,507.8092969985778,0,0,0,0
2026-01-03 15:00:00,114.01896687959665,4009.014311061095,497.9355649413501,0,0,0,0
2026-01-03 16:00:00,124.062629111971,4077.877952929844,505.3072469879926,0,0,0,0
2026-01-03 17:00:00,126.78120014285412,4040.016505268693,488.34482684776833,0,0,0,0
2026-01-03 18:00:00,119.63994939209832,4031.2659262139546,451.2236568344714,0,0,0,0
2026-01-03 19:00:00,125.01766448946012,4154.041339368926,497.31441675627394,0,0,0,0
2026-01-03 20:00:00,121.80818012523817,4072.614939934405,528.4549627219988,0,0,0,0
2026-01-03 21:00:00,116.77440122697438,4113.325194086536,518.5243080448319,0,0,0,0
2026-01-03 22:00:00,121.80697802754209,4093.653971056041,519.3079496918234,0,0,0,0
2026-01-03 23:00:00,127.69018283232984,4119.852041361156,524.7226144361243,0,0,0,0
2026-01-04 00:00:00,119.82086980445024,4099.841094553013,501.7731518192288,0,0,0,0
2026-01-04 01:00:00,127.82321827907003,4031.850388790572,503.9463141481119,0,0,0,0
2026-01-04 02:00:00,106.90127447955128,4145.813340972357,487.646962091313,0,0,0,0
2026-01-04 03:00:00,124.10951252187613,4071.3121708419344,493.67854287945903,0,0,0,0
2026-01-04 04:00:00,120.43523534119086,4018.170905067013,512.3154229954229,0,0,0,0
2026-01-04 05:00:00,118.50496324767066,4074.5942419517046,524.0776887433764,0,0,0,0
2026-01-04 06:00:00,120.45880388267751,4171.037989531716,497.21107448638,0,0,0,0
2026-01-04 07:00:00,110.06215542699552,4138.511087105675,490.99621470297177,0,0,0,0
2026-01-04 08:00:00,118.90164056081244,4078.567393279607,500.010559177132,0,0,0,0
2026-01-04 09:00:00,121.78556285755872,4078.537114784079,512.0241349785823,0,0,0,0
2026-01-04 10:00:00,127.38947022370758,4079.918247439131,471.1229036773292,0,0,0,0
2026-01-04 11:00:00,117.40864890863176,4199.837399178042,454.0763809372552,0,0,0,0
2026-01-04 12:00:00,115.95753198553406,4115.096772611578,488.9892630101683,0,0,0,0
2026-01-04 13:00:00,117.49121478207732,4117.502082359553,475.5857514817168,0,0,0,0
2026-01-04 14:00:00,124.57701058851038,4147.5141727015925,489.8371960470538,0,0,0,0
2026-01-04 15:00:00,121.64375554829844,4107.9394579513255,497.0443936236506,0,0,0,0
2026-01-04 16:00:00,117.3511989811648,4083.047892708965,490.9350318195397,0,0,0,0
2026-01-04 17:00:00,122.56633716556678,4086.182507545751,529.049350689415,0,0,0,0
2026-01-04 18:00:00,120.4853877467402,4092.4199370292968,506.5348952920464,0,0,0,0
2026-01-04 19:00:00,124.84322495266444,4094.138888174508,506.00948719221657,0,0,0,0
2026-01-04 20:00:00,116.48973453061323,4132.381477181849,512.4441428808681,0,0,0,0
2026-01-04 21:00:00,118.36168926701116,4098.597294290365,477.2233376443846,0,0,0,0
2026-01-04 22:00:00,118.0394592343392,4132.632003860779,520.7822357484054,0,0,0,0
2026-01-04 23:00:00,112.6824252593394,4091.964170994571,498.4847142692908,0,0,0,0
2026-01-05 00:00:00,121.48060138532288,4099.9317595158045,513.4096123448243,0,0,0,0
2026-01-05 01:00:00,121.30527636089944,3996.0899657733935,478.5628553391969,0,0,0,0
2026-01-05 02:00:00,120.02556728321233,4141.816383735124,468.9248246796787,0,0,0,0
2026-01-05 03:00:00,118.82706433312428,4113.324423794899,516.3577931605006,0,0,0,0
2026-01-05 04:00:00,112.92314628974792,4145.900505492983,507.5281905219503,0,0,0,0
2026-01-05 05:00:00,117.8967733861732,3951.187231090315,481.9589689128498,0,0,0,0
2026-01-05 06:00:00,118.28642741736616,4200.418735239036,482.6067383745061,0,0,0,0
2026-01-05 07:00:00,115.9886136538919,4089.0205185922414,522.5086956882953,0,0,0,0
2026-01-05 08:00:00,119.19357144166996,4151.409140836876,476.2117621426535,0,0,0,0
2026-01-05 09:00:00,122.02025428407268,4044.004703643724,532.8534590651193,0,0,0,0
2026-01-05 10:00:00,129.43092950605265,4126.638695253128,481.98758530704265,0,0,0,0
2026-01-05 11:00:00,120.8728890641592,4043.329221841317,512.7678385121677,0,0,0,0
2026-01-05 12:00:00,121.28775195361382,4064.8115519652097,493.4276304850203,0,0,0,0
2026-01-05 13:00:00,119.62777042116916,4191.70156769334,512.0637486216468,0,0,0,0
2026-01-05 14:00:00,110.4061439235048,4086.465879961833,489.1177199577161,0,0,0,0
2026-01-05 15:00:00,119.86743062275391,4106.871643658986,496.7441418785541,0,0,0,0
2026-01-05 16:00:00,120.30115104970513,4139.503386534438,500.8183835079144,0,0,0,0
2026-01-05 17:00:00,132.31621056242642,4120.78409439863,479.95625088437055,0,0,0,0
2026-01-05 18:00:00,119.0381951760944,4103.520945257179,514.8164869084026,0,0,0,0
2026-01-05 19:00:00,121.50773671166806,4114.248050123311,489.7357286705683,0,0,0,0
2026-01-05 20:00:00,119.8264411514738,4216.170779261914,495.4280016931996,0,0,0,0
2026-01-05 21:00:00,114.15660981190234,4093.119060148321,480.11301250782975,0,0,0,0
2026-01-05 22:00:00,125.7141140725751,4106.054952335749,448.7533268240938,0,0,0,0
2026-01-05 23:00:00,123.75966516343388,4148.532719800381,496.1794447479966,0,0,0,0
2026-01-06 00:00:00,123.95515973521525,4151.2762966479,548.2523084322584,0,0,0,0
2026-01-06 01:00:00,115.4530627260263,4155.351515278019,515.6920857579605,0,0,0,0
2026-01-06 02:00:00,127.0139715546805,4127.93651110146,499.6147924053121,0,0,0,0
2026-01-06 03:00:00,112.9907446860386,4038.849754363476,494.7421834158346,0,0,0,0
2026-01-06 04:00:00,122.93428546900137,4177.671576615055,500.44931785624095,0,0,0,0
2026-01-06 05:00:00,130.9522781290499,4038.6827303490654,510.9423823035042,0,0,0,0
2026-01-06 06:00:00,115.04731837434656,4111.131773261952,476.3837436938231,0,0,0,0
2026-01-06 07:00:00,117.16851135198614,4058.286207499032,522.2864338933774,0,0,0,0
2026-01-06 08:00:00,120.4982568254382,4092.7930826703514,514.3076263088249,0,0,0,0
2026-01-06 09:00:00,117.482621729419,4112.438120515174,514.3637145141587,0,0,0,0
2026-01-06 10:00:00,112.24668284466934,4112.067860772514,508.76951477619457,0,0,0,0
2026-01-06 11:00:00,120.34281487403014,4117.096037711764,500.3923331538798,0,0,0,0
2026-01-06 12:00:00,114.68848143136948,4176.685563452932,513.4572247193364,0,0,0,0
2026-01-06 13:00:00,122.36796215317592,4118.676715075699,511.83628267482754,0,0,0,0
2026-01-06 14:00:00,115.40287882883098,4083.792168235468,492.9191857811795,0,0,0,0
2026-01-06 15:00:00,127.7496720250877,4144.204358414418,488.527964542062,0,0,0,0
2026-01-06 16:00:00,116.0837335383188,4155.473524446232,502.03712590523975,0,0,0,0
2026-01-06 17:00:00,118.38969241897162,4034.619609243151,530.9804030299038,0,0,0,0
2026-01-06 18:00:00,124.06758608684837,4125.870003492493,475.217858486922,0,0,0,0
2026-01-06 19:00:00,113.84567841783024,4131.058637115545,470.6494946849512,0,0,0,0
2026-01-06 20:00:00,121.13729967302064,4081.1218248320006,503.2952168247304,0,0,0,0
2026-01-06 21:00:00,126.53571377141212,4164.785340665581,501.0177540371204,0,0,0,0
2026-01-06 22:00:00,111.96258382719388,4088.4972206483735,503.4668332874082,0,0,0,0
2026-01-06 23:00:00,120.92316929266153,4102.278822673577,504.87906395817,0,0,0,0
2026-01-07 00:00:00,121.29941397124212,4087.3464087858074,495.5359549073039,0,0,0,0
2026-01-07 01:00:00,123.90911435888655,4096.778952379073,529.7972687720417,0,0,0,0
2026-01-07 02:00:00,113.8152464456096,4041.18624565524,467.9819204304697,0,0,0,0
2026-01-07 03:00:00,113.39771693457864,4023.997455870285,483.4300595043951,0,0,0,0
2026-01-07 04:00:00,122.60970782808448,4175.7252531612485,497.93490479701904,0,0,0,0
2026-01-07 05:00:00,121.48492336616592,4053.651932584084,467.1362237769167,0,0,0,0
2026-01-07 06:00:00,121.25246425172938,4046.430382527185,496.4829119113586,0,0,0,0
2026-01-07 07:00:00,121.73224104748488,3988.330494319814,533.2294033145604,0,0,0,0
2026-01-07 08:00:00,116.59987639210756,4064.051912615525,500.41772976591926,0,0,0,0
2026-01-07 09:00:00,121.16126848580502,4029.845510329625,504.61401811437366,0,0,0,0
2026-01-07 10:00:00,121.4653623664934,4178.100758006818,474.7967046965484,0,0,0,0
2026-01-07 11:00:00,116.42824290986816,4146.490854467132,487.6727718392104,0,0,0,0
2026-01-07 12:00:00,129.3288725557238,4061.5924827411136,492.4960723935213,0,0,0,0
2026-01-07 13:00:00,122.36916460455892,4208.621790267215,493.6456980648753,0,0,0,0
2026-01-07 14:00:00,114.04348251398676,4145.08827434958,525.6328759000754,0,0,0,0
2026-01-07 15:00:00,123.28276804316914,4079.7584308245687,511.1538212145025,0,0,0,0
2026-01-07 16:00:00,115.1265916488634,3971.029714256321,477.7708408612593,0,0,0,0
2026-01-07 17:00:00,123.93542301871226,4210.547128629537,504.93009556864007,0,0,0,0
2026-01-07 18:00:00,125.79297789503704,4026.52137666182,509.9644349699357,0,0,0,0
2026-01-07 19:00:00,115.89658840824144,4013.730062652156,522.8029807704253,0,0,0,0
2026-01-07 20:00:00,124.8168806462216,4147.128521600482,531.6108137313674,0,0,0,0
2026-01-07 21:00:00,122.06390463468249,4217.987620316963,479.69811616344265,0,0,0,0
2026-01-07 22:00:00,124.11030079997244,4165.213640925526,483.7828497757933,0,0,0,0
2026-01-07 23:00:00,129.48396491326974,4124.195456002618,474.8484428217077,0,0,0,0
2026-01-08 00:00:00,118.77305941998564,4125.737717083264,495.3196028178604,0,0,0,0
2026-01-08 01:00:00,116.23131917821256,4138.670777939015,509.3271674889267,0,0,0,0
2026-01-08 02:00:00,115.55242785187238,4133.946429489339,519.746690331782,0,0,0,0
2026-01-08 03:00:00,115.92094857517282,4110.059571198469,498.4809795271496,0,0,0,0
2026-01-08 04:00:00,119.61449145292949,4101.210055197594,493.6030495349031,0,0,0,0
2026-01-08 05:00:00,121.7057598740832,4092.870343605024,503.0351598449748,0,0,0,0
2026-01-08 06:00:00,121.38345399665008,4058.301770556666,483.2971419673995,0,0,0,0
2026-01-08 07:00:00,124.13591624518013,4081.966246156661,541.7907744338954,0,0,0,0
2026-01-08 08:00:00,120.06500945938951,4011.352159290231,467.8467794576388,0,0,0,0
2026-01-08 09:00:00,127.2676703857866,4091.0830186602634,503.6948115779145,0,0,0,0
2026-01-08 10:00:00,118.67671583381022,4046.5704446424543,540.4721243845928,0,0,0,0
2026-01-08 11:00:00,133.6008458329481,4040.8205341392113,500.1359968912,0,0,0,0
2026-01-08 12:00:00,123.12833673882504,4104.994707557674,496.1992192999701,0,0,0,0
2026-01-08 13:00:00,115.7142122179186,4165.60011431723,492.8510915437915,0,0,0,0
2026-01-08 14:00:00,114.64553750969444,4141.915830300116,496.3921663647519,0,0,0,0
2026-01-08 15:00:00,122.41236207621591,4017.474969818841,527.4569694935306,0,0,0,0
2026-01-08 16:00:00,118.88268607337076,4046.518593171483,455.76276177340986,0,0,0,0
2026-01-08 17:00:00,123.57000247046048,4143.038559399411,530.6686740259265,0,0,0,0
2026-01-08 18:00:00,122.36618812286773,4046.875630323085,471.5208569509971,0,0,0,0
2026-01-08 19:00:00,119.63585543671564,4084.7683425001487,494.6669534153117,0,0,0,0
2026-01-08 20:00:00,115.76603140965796,4123.502604951228,491.4151115940268,0,0,0,0
2026-01-08 21:00:00,112.42576387657068,4047.582777256818,511.7710653954144,0,0,0,0
2026-01-08 22:00:00,117.76742523966487,4101.268775307298,468.037512962325,0,0,0,0
2026-01-08 23:00:00,124.28199397161735,4029.2987252540897,509.24345332163887,0,0,0,0
2026-01-09 00:00:00,121.07046872065102,4065.931617802439,540.4861924657371,0,0,0,0
2026-01-09 01:00:00,113.77130610644006,4111.989096707127,472.7365199081438,0,0,0,0
2026-01-09 02:00:00,120.86590462925592,4016.3503133234167,503.7941233522079,0,0,0,0
2026-01-09 03:00:00,121.9265868986442,4118.02373689802,486.76035644406784,0,0,0,0
2026-01-09 04:00:00,115.58071281899431,4095.018110053666,508.5177441238607,0,0,0,0
2026-01-09 05:00:00,120.76862552972764,4123.624497720857,500.3829555483151,0,0,0,0
2026-01-09 06:00:00,120.29104359223,4107.195706703233,487.1702618191138,0,0,0,0
2026-01-09 07:00:00,114.28514851084688,4164.2070214986925,509.7574456974215,0,0,0,0
2026-01-09 08:00:00,121.7889368017414,4102.261225132395,536.0869621957348,0,0,0,0
2026-01-09 09:00:00,122.80392263184116,4074.5297229437374,496.181924165454,0,0,0,0
2026-01-09 10:00:00,125.41525621587638,4102.114875151614,514.3951588429636,0,0,0,0
2026-01-09 11:00:00,125.26901026017453,4123.16490145182,474.1345408425767,0,0,0,0
2026-01-09 12:00:00,113.11165316021454,4098.443003516285,480.8712724636398,0,0,0,0
2026-01-09 13:00:00,115.3108748004244,4098.029584560194,509.4481255576076,0,0,0,0
2026-01-09 14:00:00,122.5751763360433,4060.900415609662,529.6823205707193,0,0,0,0
2026-01-09 15:00:00,122.56892975456104,4062.854954122453,507.1122669757132,0,0,0,0
2026-01-09 16:00:00,122.57523843153024,4025.8697364100153,493.7388393895369,0,0,0,0
2026-01-09 17:00:00,139.2636574532736,4183.478837159347,499.9858281084671,1,0,0,0
2026-01-09 18:00:00,122.85445255346583,4033.806838230436,474.9918453206057,0,0,0,0
2026-01-09 19:00:00,125.677828200903,4061.3547401102046,512.0903065271074,0,0,0,0
2026-01-09 20:00:00,124.770008817466,4060.07963672154,517.6466612464682,0,0,0,0
2026-01-09 21:00:00,123.256956256529,4140.746218847222,490.9581933433384,0,0,0,0
2026-01-09 22:00:00,118.42365377679828,4081.2525160853984,490.59915704481,0,0,0,0
2026-01-09 23:00:00,123.79484610246634,4158.387103633687,505.31756459304097,0,0,0,0
2026-01-10 00:00:00,116.13587392731216,4062.325468787807,491.2656052791881,0,0,0,0
2026-01-10 01:00:00,118.81590696629996,4109.94970811119,498.67734770748353,0,0,0,0
2026-01-10 02:00:00,117.57318226085448,4054.232647337012,541.9944357833303,0,0,0,0
2026-01-10 03:00:00,120.40937069693162,4203.257456388669,495.0594859850801,0,0,0,0
2026-01-10 04:00:00,131.57329283336753,4036.620079048525,492.8331969595756,0,0,0,0
2026-01-10 05:00:00,110.66367403704126,4111.491035511352,487.0491638872968,0,0,0,0
2026-01-10 06:00:00,123.43130095187256,4127.688844046605,514.8838394299987,0,0,0,0
2026-01-10 07:00:00,111.93642064405174,4116.689954872575,496.3755165356379,0,0,0,0
2026-01-10 08:00:00,117.64034067105284,4086.7356170561143,487.0125392335715,0,0,0,0
2026-01-10 09:00:00,125.44475298483682,4089.5089650133286,526.4260806454603,0,0,0,0
2026-01-10 10:00:00,120.32140009547732,4098.190573598956,528.3920600902727,0,0,0,0
2026-01-10 11:00:00,114.61127611035349,4088.649899918576,487.9915286852259,0,0,0,0
2026-01-10 12:00:00,116.42348145370016,4144.193955839745,462.6692009727877,0,0,0,0
2026-01-10 13:00:00,123.39798874467338,4206.526150079568,520.1502737967385,0,0,0,0
2026-01-10 14:00:00,116.34816684141433,4068.125410749608,486.3074034847999,0,0,0,0
2026-01-10 15:00:00,121.08229294790988,4027.509851021046,515.8125119832554,0,0,0,0
2026-01-10 16:00:00,120.22785919951907,4091.585897582437,460.5979236457633,0,0,0,0
2026-01-10 17:00:00,116.74199826197092,4224.985466882716,517.8519467659862,0,0,0,0
2026-01-10 18:00:00,130.71972044662664,4055.8162716015136,475.7765614143844,0,0,0,0
2026-01-10 19:00:00,123.16959511159006,4177.955840272203,514.6152823813305,0,0,0,0
2026-01-10 20:00:00,109.87428706671196,4179.885040703822,500.2854613567287,0,0,0,0
2026-01-10 21:00:00,120.93227157384712,4068.3205879146,480.9212116120671,0,0,0,0
2026-01-10 22:00:00,116.69106767615806,4124.449153959264,491.8592737414644,0,0,0,0
2026-01-10 23:00:00,124.26216667398111,4177.419831156427,513.726369139134,0,0,0,0
2026-01-11 00:00:00,116.0373963078365,4077.0436129506256,502.1178890623047,0,0,0,0
2026-01-11 01:00:00,119.4263177926655,4085.820981994882,511.6882596094497,0,0,0,0
2026-01-11 02:00:00,122.52493639490228,4066.915954302568,539.5288116903097,0,0,0,0
2026-01-11 03:00:00,124.3287759708506,4045.262163465357,468.715167765779,0,0,0,0
2026-01-11 04:00:00,113.99851796472112,4063.5361227467,532.3442514993725,0,0,0,0
2026-01-11 05:00:00,118.32749382079524,4034.802986661887,502.0871187504642,0,0,0,0
2026-01-11 06:00:00,117.62527344419522,4097.704173412962,482.02431903353744,0,0,0,0
2026-01-11 07:00:00,116.73335383713145,4057.501338447068,473.3937274852202,0,0,0,0
2026-01-11 08:00:00,128.8272712014055,4107.689295589537,496.2175921844593,0,0,0,0
2026-01-11 09:00:00,122.02490855480478,4018.2052176898183,518.4330022384892,0,0,0,0
2026-01-11 10:00:00,113.69558022832476,4112.544011610723,497.4490175924493,0,0,0,0
2026-01-11 11:00:00,124.58930973527389,4137.676448080446,530.2230986049469,0,0,0,0
2026-01-11 12:00:00,130.61078098506317,3996.3132178714272,470.9764861989688,0,0,0,0
2026-01-11 13:00:00,125.16232630275572,4114.702828492379,499.7582210430789,0,0,0,0
2026-01-11 14:00:00,112.40315017022994,4157.383449623665,474.9521311117376,0,0,0,0
2026-01-11 15:00:00,117.57882963566874,4035.51794906544,507.2726376524994,0,0,0,0
2026-01-11 16:00:00,126.33455574593312,4179.6286193418855,517.737747801946,0,0,0,0
2026-01-11 17:00:00,116.4616526719061,4116.950950468302,491.58476412637896,0,0,0,0
2026-01-11 18:00:00,122.21909714073114,4060.74940721208,447.9157228674573,0,0,0,0
2026-01-11 19:00:00,123.87317026714668,4093.2115461171143,503.9789629359298,0,0,0,0
2026-01-11 20:00:00,115.36534764210958,4123.916345626086,508.7347710346702,0,0,0,0
2026-01-11 21:00:00,119.702373219691,4099.800269570621,508.08589509923394,0,0,0,0
2026-01-11 22:00:00,103.79366329965464,4122.937799622318,524.7156438364431,0,0,0,0
2026-01-11 23:00:00,114.87806179332856,4049.966320346032,478.578926407019,0,0,0,0
2026-01-12 00:00:00,118.7371592430342,4104.468041201804,513.604322109009,0,0,0,0
2026-01-12 01:00:00,113.76108409017576,4025.314275154751,523.8501502495595,0,0,0,0
2026-01-12 02:00:00,128.16205651965817,4090.438696932565,464.4282483198697,0,0,0,0
2026-01-12 03:00:00,112.84929311019684,4050.80461792676,506.3930365183795,0,0,0,0
2026-01-12 04:00:00,117.79977756651508,4059.223502870512,489.91640337984654,0,0,0,0
2026-01-12 05:00:00,120.65370288643044,4157.804658760522,498.3695465379671,0,0,0,0
2026-01-12 06:00:00,127.20636644533056,4150.565506029713,506.9535296707667,0,0,0,0
2026-01-12 07:00:00,112.8206892441028,4126.456906045359,490.2554287177289,0,0,0,0
2026-01-12 08:00:00,125.8158187607748,4041.384361766371,486.48583841676776,0,0,0,0
2026-01-12 09:00:00,120.05116530509794,4080.17957751526,500.6830483497605,0,0,0,0
2026-01-12 10:00:00,115.09245674476024,4156.65488499896,478.255081222744,0,0,0,0
2026-01-12 11:00:00,122.31051737131637,4103.085845681995,478.2834974222963,0,0,0,0
2026-01-12 12:00:00,120.99529847786737,4211.966476999085,513.5874656591301,0,0,0,0
2026-01-12 13:00:00,116.99891561420604,4115.665891969718,477.0241192968269,0,0,0,0
2026-01-12 14:00:00,120.3490104249501,4105.602455824502,513.3262500181843,0,0,0,0
2026-01-12 15:00:00,118.0734320156912,4080.544176789875,509.25182585707904,0,0,0,0
2026-01-12 16:00:00,120.56758672625624,4102.677045239114,465.4838654241881,0,0,0,0
2026-01-12 17:00:00,123.31065337260524,4088.376508180973,486.4487069532869,0,0,0,0
2026-01-12 18:00:00,127.93008408072676,4131.4054338344295,523.8821880609474,0,0,0,0
2026-01-12 19:00:00,113.81092250586576,4143.835115839729,480.3766893772064,0,0,0,0
2026-01-12 20:00:00,130.66516687328132,4056.7005269746014,490.71191475381227,0,0,0,0
2026-01-12 21:00:00,110.23956100238748,4029.4383523221113,509.2412178650379,0,0,0,0
2026-01-12 22:00:00,119.24107452482208,4004.1897313448353,515.6678101856519,0,0,0,0
2026-01-12 23:00:00,122.94158603242288,4121.399566345627,494.9692222791101,0,0,0,0
2026-01-13 00:00:00,121.40495933867516,4040.831669691306,488.0497961061672,0,0,0,0
2026-01-13 01:00:00,116.88650240089704,3988.355470352376,528.4473972339702,0,0,0,0
2026-01-13 02:00:00,118.95938874821364,4115.428930226548,534.7779932759515,0,0,0,0
2026-01-13 03:00:00,117.53499532670584,4220.64997587164,519.577161015636,0,0,0,0
2026-01-13 04:00:00,117.05317621527894,4095.696454423005,501.70636285130047,0,0,0,0
2026-01-13 05:00:00,124.24801048510513,4137.924538722582,483.8346855671815,0,0,0,0
2026-01-13 06:00:00,121.78507742982524,4100.091467927378,483.3911118688687,0,0,0,0
2026-01-13 07:00:00,116.53545202369672,4091.0555173404423,510.4502821053151,0,0,0,0
2026-01-13 08:00:00,124.49799937716624,4141.953824149388,508.3679644177737,0,0,0,0
2026-01-13 09:00:00,121.53649760438304,4081.486272790568,528.0319718589286,0,0,0,0
2026-01-13 10:00:00,124.0643105941948,4109.369615703595,513.0090018507228,0,0,0,0
2026-01-13 11:00:00,123.14814420961808,4112.0848903098,469.93839396480365,0,0,0,0
2026-01-13 12:00:00,115.85502494538964,4062.595477317848,521.0389523544584,0,0,0,0
2026-01-13 13:00:00,117.19909479901516,4147.032732641346,480.0387874537117,0,0,0,0
2026-01-13 14:00:00,123.7364680256163,4090.113242494271,492.320574560953,0,0,0,0
2026-01-13 15:00:00,123.05185132716733,4062.50458751892,505.0040041250339,0,0,0,0
2026-01-13 16:00:00,119.89549203017926,4128.547952836603,539.9133497956793,0,0,0,0
2026-01-13 17:00:00,120.58663691654392,4058.229676733052,562.1983711201073,0,0,0,0
2026-01-13 18:00:00,126.38832447894212,4105.99274885558,512.1344611827236,0,0,0,0
2026-01-13 19:00:00,117.04214305582084,4105.558356319435,496.33606762559225,0,0,0,0
2026-01-13 20:00:00,122.7354869058502,4161.739699607745,510.690112969611,0,0,0,0
2026-01-13 21:00:00,118.98903673783052,4132.610448124684,517.7531085174767,0,0,0,0
2026-01-13 22:00:00,118.9115939838639,4109.05480370795,493.58664748885616,0,0,0,0
2026-01-13 23:00:00,125.49388425993595,4152.625081769743,535.9042271182465,0,0,0,0
2026-01-14 00:00:00,124.12708174494014,4182.677759425114,504.60141518382807,0,0,0,0
2026-01-14 01:00:00,124.0675481800032,4142.4885124563625,509.9548617818279,0,0,0,0
2026-01-14 02:00:00,126.52739403577164,4116.546243295459,513.3184850410893,0,0,0,0
2026-01-14 03:00:00,120.1050192081638,4051.867415850303,508.4317322122891,0,0,0,0
2026-01-14 04:00:00,123.40976485647482,4065.634159478563,516.7788100093923,0,0,0,0
2026-01-14 05:00:00,118.44866621703272,4105.059222579119,487.6549362690615,0,0,0,0
2026-01-14 06:00:00,121.6208317624422,4091.275462853409,488.83396492107937,0,0,0,0
2026-01-14 07:00:00,119.34928472816158,4113.833122976622,477.9969153405661,0,0,0,0
2026-01-14 08:00:00,120.4849798249636,4127.44479953527,508.7900246124045,0,0,0,0
2026-01-14 09:00:00,122.97578512718457,4152.527556172772,515.5787300702423,0,0,0,0
2026-01-14 10:00:00,115.90889658383264,4123.948594716502,509.1554573230377,0,0,0,0
2026-01-14 11:00:00,130.4619363784273,4153.229230975287,533.4898486669507,0,0,0,0
2026-01-14 12:00:00,114.96991309250149,4133.558484689004,499.8880796234191,0,0,0,0
2026-01-14 13:00:00,113.92905693606134,4032.992050795325,513.3748331118503,0,0,0,0
2026-01-14 14:00:00,125.79055436750032,4086.2292245866015,478.1659824772137,0,0,0,0
2026-01-14 15:00:00,123.95831346981468,4127.422231655979,492.258005950512,0,0,0,0
2026-01-14 16:00:00,123.12059908526078,4075.572487464525,513.9107551513156,0,0,0,0
2026-01-14 17:00:00,123.1417275463214,4167.484276270912,516.9820422148629,0,0,0,0
2026-01-14 18:00:00,119.93876613576543,4215.455996552807,494.1206610467164,0,0,0,0
2026-01-14 19:00:00,115.51372814257084,4201.287162685008,498.5680149628387,0,0,0,0
2026-01-14 20:00:00,120.37902279096863,4131.107541718153,469.6425250663838,0,0,0,0
2026-01-14 21:00:00,116.61419144243943,4217.7466072716825,492.8594159838678,0,0,0,0
2026-01-14 22:00:00,124.87559866708877,4152.074288453811,517.8076632703958,0,0,0,0
2026-01-14 23:00:00,119.2647130924893,4129.217232202324,511.5041003221313,0,0,0,0
2026-01-15 00:00:00,115.87251401603744,4116.8320127457,510.0133144276242,0,0,0,0
2026-01-15 01:00:00,118.39307079173504,4133.809276762861,500.9954737436192,0,0,0,0
2026-01-15 02:00:00,122.06465727137812,4130.954535324727,500.1412631725635,0,0,0,0
2026-01-15 03:00:00,117.18137723598012,4160.314802535083,486.7935772105311,0,0,0,0
2026-01-15 04:00:00,115.88889802216784,4161.253305633322,513.9765684040507,0,0,0,0
2026-01-15 05:00:00,121.21843605745956,4154.807522753022,508.4194588877878,0,0,0,0
2026-01-15 06:00:00,121.2248328555436,4177.932745397189,509.840376959856,0,0,0,0
2026-01-15 07:00:00,117.46528412314436,4217.048765813709,489.4793031466484,0,0,0,0
2026-01-15 08:00:00,117.6448084719084,4206.424774010979,456.9331416025751,0,0,0,0
2026-01-15 09:00:00,121.16024968678818,4086.132783980938,521.9430542350739,0,0,0,0
2026-01-15 10:00:00,112.75957829251338,4034.112240822856,490.4232508798319,0,0,0,0
2026-01-15 11:00:00,112.96268112811724,4209.954908294439,482.7444847191376,0,0,0,0
2026-01-15 12:00:00,116.40777889373784,4096.3255929762245,513.8695782382799,0,0,0,0
2026-01-15 13:00:00,118.93276424144076,4154.861872966882,492.1597472016174,0,0,0,0
2026-01-15 14:00:00,121.55453782799002,4109.025106923069,521.1987276809324,0,0,0,0
2026-01-15 15:00:00,127.37678108474776,4078.862351511557,512.3401189915339,0,0,0,0
2026-01-15 16:00:00,124.2882981160101,4197.465124965318,513.6713864640095,0,0,0,0
2026-01-15 17:00:00,119.20030735018288,4209.780361734732,472.6808857759893,0,0,0,0
2026-01-15 18:00:00,119.90491896048655,4144.427698847784,524.238879707728,0,0,0,0
2026-01-15 19:00:00,114.98735317681096,4045.131719441396,505.2250106246771,0,0,0,0
2026-01-15 20:00:00,119.90743432003804,4148.802226800538,492.614457215076,0,0,0,0
2026-01-15 21:00:00,118.5567068053993,4197.13526464781,502.867769346845,0,0,0,0
2026-01-15 22:00:00,121.61359280169044,4105.030101103497,464.4752953420336,0,0,0,0
2026-01-15 23:00:00,115.8638452822384,4189.574290695682,508.1730562296134,0,0,0,0
2026-01-16 00:00:00,122.59673257120586,4181.071417412594,479.41256983635856,0,0,0,0
2026-01-16 01:00:00,127.66369456501288,4212.23210001582,472.9465942831293,0,0,0,0
2026-01-16 02:00:00,119.45619925771572,4190.677158620993,469.55281627564216,0,0,0,0
2026-01-16 03:00:00,122.0085586104947,4137.475308320729,522.2537674997985,0,0,0,0
2026-01-16 04:00:00,123.45071995855557,4247.387945612552,487.4147321261442,0,0,0,0
2026-01-16 05:00:00,117.99389764057082,4181.0635070425,530.67455419833,0,0,0,0
2026-01-16 06:00:00,121.12046240905208,4189.055373882872,489.28397073895405,0,0,0,0
2026-01-16 07:00:00,120.06296200390898,4145.18781806923,465.85284084814106,0,0,0,0
2026-01-16 08:00:00,120.48838049274416,4171.117718627835,477.6695112010268,0,0,0,0
2026-01-16 09:00:00,116.13495108072269,4150.472310650586,524.7162324001388,0,0,0,0
2026-01-16 10:00:00,120.12255087129472,4187.495758520281,496.8820364412667,0,0,0,0
2026-01-16 11:00:00,122.48999145622724,4283.159100688091,489.034254070188,0,0,0,0
2026-01-16 12:00:00,127.2557180389752,4130.4092346989255,503.2003645170557,0,0,0,0
2026-01-16 13:00:00,124.79635413042604,4119.756837116178,510.0356547233509,0,0,0,0
2026-01-16 14:00:00,130.7659122875578,4275.424038549215,522.3479763180492,0,0,0,0
2026-01-16 15:00:00,116.16326218555976,4192.829953481462,528.9699845978586,0,0,0,0
2026-01-16 16:00:00,124.3616031836034,4171.273115570581,492.8046270842183,0,0,0,0
2026-01-16 17:00:00,120.91671002869175,4258.1526020379015,473.4790462783593,0,0,0,0
2026-01-16 18:00:00,130.94901466608837,4177.307205845775,491.7306967775345,0,0,0,0
2026-01-16 19:00:00,115.95850857322424,4300.319083674485,505.20561013165775,0,0,0,0
2026-01-16 20:00:00,115.80139078909612,4244.345506728623,480.7248214757878,0,0,0,0
2026-01-16 21:00:00,117.0030367727799,4187.484257918895,480.8569817020991,0,0,0,0
2026-01-16 22:00:00,109.38052137845096,4321.175854153976,506.8757576309977,0,0,0,0
2026-01-16 23:00:00,117.3712248915962,4184.455312505054,499.026952968591,0,0,0,0
2026-01-17 00:00:00,116.20433669223152,4253.276442420208,500.6559399082317,0,0,0,0
2026-01-17 01:00:00,120.75196893238105,4232.566918004588,484.8300933059986,0,0,0,0
2026-01-17 02:00:00,121.7087798788858,4284.119968618724,495.39198571588463,0,0,0,0
2026-01-17 03:00:00,129.38085419607944,4298.539079149648,481.5153371146339,0,0,0,0
2026-01-17 04:00:00,124.75211919093024,4223.494341931114,517.8039682224958,0,0,0,0
2026-01-17 05:00:00,117.11548172168798,4185.653856125037,520.7049866944751,0,0,0,0
2026-01-17 06:00:00,115.50792664325822,4247.753971953823,463.0762427552381,0,0,0,0
2026-01-17 07:00:00,122.45959585753252,4192.300211483783,481.4097827961518,0,0,0,0
2026-01-17 08:00:00,113.3988339648968,4328.285957512239,470.0694148981984,0,0,0,0
2026-01-17 09:00:00,129.15729382927177,4235.873976854567,486.99952131186205,0,0,0,0
2026-01-17 10:00:00,125.89720060360644,4212.211747899344,498.3312406041928,0,0,0,0
2026-01-17 11:00:00,117.65412173947648,4241.142455922716,471.0070956060294,0,0,0,0
2026-01-17 12:00:00,111.43432735454562,4165.982741317506,481.5628037374937,0,0,0,0
2026-01-17 13:00:00,126.76936187082708,4186.18896903298,479.92085255837,0,0,0,0
2026-01-17 14:00:00,119.42730077373692,4296.220981520254,504.1453465879789,0,0,0,0
2026-01-17 15:00:00,126.1890815598673,4204.786187338984,501.386886740725,0,0,0,0
2026-01-17 16:00:00,112.02786170602816,4186.715967317978,485.5652489332549,0,0,0,0
2026-01-17 17:00:00,117.00312488523112,4267.32476924296,503.536417442788,0,0,0,0
2026-01-17 18:00:00,120.02621849859092,4301.207954514266,489.0663983082547,0,0,0,0
2026-01-17 19:00:00,120.2349029688237,4279.30102747889,494.5668977934789,0,0,0,0
2026-01-17 20:00:00,117.74967264260378,4294.586361400448,533.4690418059707,0,0,0,0
2026-01-17 21:00:00,123.11424966173747,4208.374837846205,526.809221035807,0,0,0,0
2026-01-17 22:00:00,114.66189785308704,4176.554674102107,474.00837526144807,0,0,0,0
2026-01-17 23:00:00,119.28810257489351,4324.142505201494,516.5946483575835,0,0,0,0
2026-01-18 00:00:00,120.60147815855947,4234.372445826134,516.2279310898318,0,0,0,0
2026-01-18 01:00:00,122.57219417029374,4239.395402110009,477.0347342249476,0,0,0,0
2026-01-18 02:00:00,123.55807439044445,4319.777375189735,516.3755528750972,0,0,0,0
2026-01-18 03:00:00,114.37678954081063,4282.609783731836,530.758638368251,0,0,0,0
2026-01-18 04:00:00,112.32942914632189,4279.023287030404,477.5491038751117,0,0,0,0
2026-01-18 05:00:00,126.38838410949256,4365.909630835898,481.6499435797147,0,0,0,0
2026-01-18 06:00:00,121.66157005989795,4226.914217236358,520.3532293368701,0,0,0,0
2026-01-18 07:00:00,116.25756731721724,4306.912750323948,505.42990621651296,0,0,0,0
2026-01-18 08:00:00,127.75575987761262,4264.80201532926,511.02952550479046,0,0,0,0
2026-01-18 09:00:00,120.57837317146428,4276.811588192089,506.81178432800994,0,0,0,0
2026-01-18 10:00:00,125.89648592031914,4341.236010734074,507.8139184185629,0,0,0,0
2026-01-18 11:00:00,120.33759240705056,4291.63499239245,473.4705574337784,0,0,0,0
2026-01-18 12:00:00,130.30373962440993,4294.588623694971,520.946354132429,0,0,0,0
2026-01-18 13:00:00,128.77670421221603,4322.7298017725,523.3917998485555,0,0,0,0
2026-01-18 14:00:00,118.75517925760464,4252.287413594387,495.41218511863946,0,0,0,0
2026-01-18 15:00:00,124.85785475477178,4230.005181869101,499.1304610037228,0,0,0,0
2026-01-18 16:00:00,123.22687974792574,4221.1558206995205,469.3778499488856,0,0,0,0
2026-01-18 17:00:00,126.84315778766174,4176.509066096293,510.2850951203567,0,0,0,0
2026-01-18 18:00:00,115.17538269709948,4379.0678672266295,511.4411488342829,0,0,0,0
2026-01-18 19:00:00,123.4302572999922,4222.52770760805,498.7561796600138,0,0,0,0
2026-01-18 20:00:00,125.29212243424794,4268.056059879366,522.48706719741,0,0,0,0
2026-01-18 21:00:00,111.20630256788442,4266.7086912287305,493.3184553804012,0,0,0,0
2026-01-18 22:00:00,114.08370743667112,4297.350306278151,511.292118517872,0,0,0,0
2026-01-18 23:00:00,109.8038391111995,4324.197447179183,479.6067132261577,0,0,0,0
2026-01-19 00:00:00,118.6529658277772,4327.864876134726,499.5289569825152,0,0,0,0
2026-01-19 01:00:00,123.5877112789798,4257.117944952812,496.51291484194326,0,0,0,0
2026-01-19 02:00:00,127.51178526048014,4279.346346356459,504.5061584408188,0,0,0,0
2026-01-19 03:00:00,120.37047390209888,4303.262044734715,492.6094614233329,0,0,0,0
2026-01-19 04:00:00,128.14307772785645,4278.129106065644,497.37054808656666,0,0,0,0
2026-01-19 05:00:00,113.09949270892554,4372.361556340342,516.5209434288302,0,0,0,0
2026-01-19 06:00:00,111.48308780322422,4317.973640285775,491.26471525523567,0,0,0,0
2026-01-19 07:00:00,119.72226150551693,4331.599397170874,467.8684579852264,0,0,0,0
2026-01-19 08:00:00,121.92032724469654,4329.430186466275,534.9916780841085,0,0,0,0
2026-01-19 09:00:00,119.83652625952952,4356.390431071692,527.6290815738097,0,0,0,0
2026-01-19 10:00:00,109.66278949980062,4308.198431297131,474.15474609788765,0,0,0,0
2026-01-19 11:00:00,119.55439980243604,4235.736371128674,513.7941561049039,0,0,0,0
2026-01-19 12:00:00,113.47765249747572,4321.99298127862,489.9405045889731,0,0,0,0
2026-01-19 13:00:00,123.3483627441502,4270.871354165916,505.2697443066212,0,0,0,0
2026-01-19 14:00:00,121.83299123048424,4278.438979932541,505.8844825802699,0,0,0,0
2026-01-19 15:00:00,115.30060106836322,4335.618630122303,495.3118439936736,0,0,0,0
2026-01-19 16:00:00,117.43066541331652,4369.645197920752,484.3246866882721,0,0,0,0
2026-01-19 17:00:00,114.70393239055524,4310.225238350394,486.1891789536748,0,0,0,0
2026-01-19 18:00:00,119.68660451363414,6326.03392530806,481.6761616903751,0,1,0,1
2026-01-19 19:00:00,124.7757116025062,6397.133637074394,483.3635558353911,0,1,0,1
2026-01-19 20:00:00,115.07136976832228,6325.491163981581,498.6564341990129,0,1,0,1
2026-01-19 21:00:00,122.52023257758924,6444.968275880694,485.684800217785,0,1,0,1
2026-01-19 22:00:00,117.3487119081378,6344.590217617772,513.6410413142524,0,0,0,1
2026-01-19 23:00:00,116.03563583868828,4229.707212542925,529.7449231067185,0,0,0,0
2026-01-20 00:00:00,119.4648482002272,4356.843046720463,488.3989351725991,0,0,0,0
2026-01-20 01:00:00,114.82378838790314,4339.664500073896,504.7880900107076,0,0,0,0
2026-01-20 02:00:00,117.23175347326408,4386.524833698415,509.9937022060587,0,0,0,0
2026-01-20 03:00:00,114.01061053705575,4357.126878722296,509.4400454183855,0,0,0,0
2026-01-20 04:00:00,129.82362566458195,4317.97562712413,501.5191053583217,0,0,0,0
2026-01-20 05:00:00,120.17631775985863,4265.114129673371,514.8536483671944,0,0,0,0
2026-01-20 06:00:00,116.50137246003708,4317.308493788059,509.6449790536132,0,0,0,0
2026-01-20 07:00:00,121.0698995536711,4286.664249106416,475.246751553454,0,0,0,0
2026-01-20 08:00:00,119.43835975154585,4301.594714491166,517.3831212877855,0,0,0,0
2026-01-20 09:00:00,118.89515200233387,4361.480422366953,517.7458167453349,0,0,0,0
2026-01-20 10:00:00,123.07083350021712,4416.977342528014,484.7342779164284,0,0,0,0
2026-01-20 11:00:00,123.78753855023652,4354.646308966114,500.758756708952,0,0,0,0
2026-01-20 12:00:00,117.34749426194736,4276.549194537726,513.6665798562213,0,0,0,0
2026-01-20 13:00:00,117.1209087967766,4360.004096215012,495.8137236084128,0,0,0,0
2026-01-20 14:00:00,118.62474151424178,4399.03615230081,521.4595609553203,0,0,0,0
2026-01-20 15:00:00,108.49039417632208,4310.146047917078,547.2774498923873,0,0,0,0
2026-01-20 16:00:00,112.42404468900725,4335.364949963922,484.28027934730034,0,0,0,0
2026-01-20 17:00:00,126.83437133722262,4344.230833198549,472.3791079369245,0,0,0,0
2026-01-20 18:00:00,128.22483856750642,4305.682122972497,506.0763719120975,0,0,0,0
2026-01-20 19:00:00,118.75481980221812,4378.771675483324,514.4312501025229,0,0,0,0
2026-01-20 20:00:00,122.88278481527882,4341.740861525262,495.3826725231047,0,0,0,0
2026-01-20 21:00:00,121.55625077271768,4370.195506315523,529.0652132664206,0,0,0,0
2026-01-20 22:00:00,135.3944040422762,4306.274890394588,473.22788400553503,0,0,0,0
2026-01-20 23:00:00,125.59787455717289,4330.207199433043,513.8583724606323,0,0,0,0
2026-01-21 00:00:00,119.36041204259617,4389.629797505122,487.8827835848221,0,0,0,0
2026-01-21 01:00:00,115.22229779699788,4336.299687173666,534.3875581241459,0,0,0,0
2026-01-21 02:00:00,111.96776839871214,4442.720152504446,539.8503070633624,0,0,0,0
2026-01-21 03:00:00,121.01731817933612,4337.820765826567,484.66686824433305,0,0,0,0
2026-01-21 04:00:00,116.21824627357849,4370.467426559411,489.0088572818284,0,0,0,0
2026-01-21 05:00:00,112.88873145201164,4407.293347029992,517.191757739596,0,0,0,0
2026-01-21 06:00:00,116.76713557878736,4291.176133954206,492.2573870042097,0,0,0,0
2026-01-21 07:00:00,114.59225998192802,4275.48459516634,499.0917756413552,0,0,0,0
2026-01-21 08:00:00,128.43570817536283,4288.672835201395,500.5077684108482,0,0,0,0
2026-01-21 09:00:00,124.40819878474726,4429.51547126578,461.6065368760469,0,0,0,0
2026-01-21 10:00:00,119.96013679341692,4340.223973964319,499.72324507811527,0,0,0,0
2026-01-21 11:00:00,127.39972069445012,4497.157460706875,486.20544451871655,0,0,0,0
2026-01-21 12:00:00,120.38684153823807,4342.465731655114,490.13754355200456,0,0,0,0
2026-01-21 13:00:00,115.69357899335868,4381.336291912356,528.8726400693763,0,0,0,0
2026-01-21 14:00:00,127.61562038634828,4450.644839545418,474.8698621144149,0,0,0,0
2026-01-21 15:00:00,122.69455021842327,4475.274601489501,516.2641037349596,0,0,0,0
2026-01-21 16:00:00,114.81376922836772,4479.475751077886,494.4207413933638,0,0,0,0
2026-01-21 17:00:00,119.04830660958196,4438.249498940244,494.4047966300833,0,0,0,0
2026-01-21 18:00:00,115.6219087330762,4430.46492886568,515.8074379210342,0,0,0,0
2026-01-21 19:00:00,113.08600134517832,4410.318765199687,506.8010258913778,0,0,0,0
2026-01-21 20:00:00,124.6308877376582,4421.041086712481,511.4122599443906,0,0,0,0
2026-01-21 21:00:00,129.54708320235065,4355.994362252242,519.3636932106572,0,0,0,0
2026-01-21 22:00:00,113.00716213090428,4344.074319062075,493.3738323363335,0,0,0,0
2026-01-21 23:00:00,122.81484618345286,4386.246155527163,487.755265309845,0,0,0,0
2026-01-22 00:00:00,116.74678715439086,4379.336262435985,478.29698946884406,0,0,0,0
2026-01-22 01:00:00,117.56437308117653,4366.614706260389,483.4917894004209,0,0,0,0
2026-01-22 02:00:00,117.03803037880566,4425.526096264109,558.9818885061745,0,0,0,0
2026-01-22 03:00:00,115.68004615160092,4439.90259948432,524.8935916147358,0,0,0,0
2026-01-22 04:00:00,120.24260813972414,4397.988298534907,472.9785126758396,0,0,0,0
2026-01-22 05:00:00,115.8452494179448,4468.875073437599,473.5508408651286,0,0,0,0
2026-01-22 06:00:00,121.3522841288992,4339.3447288426805,509.6373212343698,0,0,0,0
2026-01-22 07:00:00,119.74880945275432,4388.176826749891,510.9452959475593,0,0,0,0
2026-01-22 08:00:00,118.80525976566796,4363.449298848257,510.97767670634727,0,0,0,0
2026-01-22 09:00:00,115.462181689792,4307.394199189265,494.90088412892607,0,0,0,0
2026-01-22 10:00:00,117.11614334715834,4398.017610915304,497.490914799942,0,0,0,0
2026-01-22 11:00:00,123.77695612912878,4397.494884952796,506.5575904831872,0,0,0,0
2026-01-22 12:00:00,122.5045859381219,4480.685362698587,501.7178601258666,0,0,0,0
2026-01-22 13:00:00,115.11222377600724,4437.9840749287405,455.6139925450493,0,0,0,0
2026-01-22 14:00:00,120.49666152714612,4356.664764649062,495.4040073884961,0,0,0,0
2026-01-22 15:00:00,123.75693561685894,4502.009349346752,482.9718713147937,0,0,0,0
2026-01-22 16:00:00,111.65297359439316,4471.787020970831,503.50422837817024,0,0,0,0
2026-01-22 17:00:00,122.71680096189968,4441.270836532514,559.7051800520682,0,0,0,0
2026-01-22 18:00:00,116.68688120527077,4402.272361581114,507.3496333094861,0,0,0,0
2026-01-22 19:00:00,122.8529933429658,4367.055219851952,493.729406276552,0,0,0,0
2026-01-22 20:00:00,116.1837042172874,4397.847458049094,518.436030039545,0,0,0,0
2026-01-22 21:00:00,110.9755894966774,4472.325843002376,509.65375774418425,0,0,0,0
2026-01-22 22:00:00,111.8622878105842,4513.548342478419,508.4018898090369,0,0,0,0
2026-01-22 23:00:00,120.24042473330692,4497.911818759819,512.1370118643134,0,0,0,0
2026-01-23 00:00:00,121.2986125086074,4397.737786421416,541.1308712965908,0,0,0,0
2026-01-23 01:00:00,115.47841687447796,4367.6300010108,477.3822312934817,0,0,0,0
2026-01-23 02:00:00,123.19296229388686,4432.085800185331,509.4726415362291,0,0,0,0
2026-01-23 03:00:00,111.6923996886552,4338.050134726149,481.4723774003692,0,0,0,0
2026-01-23 04:00:00,119.6696010067634,4444.061103878052,511.11025292684496,0,0,0,0
2026-01-23 05:00:00,113.94491900118771,4421.953204018399,481.6262697702781,0,0,0,0
2026-01-23 06:00:00,116.7408194609892,4407.4621234044425,491.6526637278983,0,0,0,0
2026-01-23 07:00:00,120.23699335658208,4352.459410299035,494.0982017152419,0,0,0,0
2026-01-23 08:00:00,115.69793317358024,4459.3051841553815,519.5163343868942,0,0,0,0
2026-01-23 09:00:00,118.07722227885088,4408.420752008321,518.3690888788483,0,0,0,0
2026-01-23 10:00:00,125.0314640460722,4377.990567370423,475.0856524710723,0,0,0,0
2026-01-23 11:00:00,117.11554065238424,4294.303913656376,501.098682219997,0,0,0,0
2026-01-23 12:00:00,124.1784605603257,4437.971894232446,485.8084029050165,0,0,0,0
2026-01-23 13:00:00,114.35146572671192,4529.390834482986,474.8299017864933,0,0,0,0
2026-01-23 14:00:00,122.64902088957642,4525.271830541413,495.6596589915126,0,0,0,0
2026-01-23 15:00:00,127.2078431032895,4420.784672149227,493.8303442308836,0,0,0,0
2026-01-23 16:00:00,107.64177749936356,4414.959497124973,548.5343297269104,0,0,0,0
2026-01-23 17:00:00,116.0155237226476,4469.939428111334,508.659196507214,0,0,0,0
2026-01-23 18:00:00,122.8853606359027,4398.012058512688,472.4476499849152,0,0,0,0
2026-01-23 19:00:00,118.98477306978504,4464.451540627598,488.7045199165812,0,0,0,0
2026-01-23 20:00:00,121.85572936685656,4489.096574720379,520.427665908588,0,0,0,0
2026-01-23 21:00:00,116.9800740664209,4513.569837159881,541.7688554573986,0,0,0,0
2026-01-23 22:00:00,120.4329489373645,4448.646087306189,468.2803337552408,0,0,0,0
2026-01-23 23:00:00,119.2216138230396,4444.900718785859,462.4015122972191,0,0,0,0
2026-01-24 00:00:00,125.83891030829903,4412.615892121399,537.4193035074356,0,0,0,0
2026-01-24 01:00:00,121.27210421650608,4416.601618921755,507.7922835474181,0,0,0,0
2026-01-24 02:00:00,121.688013310376,4448.052307193193,482.6341453624727,0,0,0,0
2026-01-24 03:00:00,117.94061516938768,4479.175142293599,510.6925817224487,0,0,0,0
2026-01-24 04:00:00,117.56196887963752,4507.916713428973,447.2850452196624,0,0,0,0
2026-01-24 05:00:00,117.8372090609019,4423.509149747813,500.0675101319432,0,0,0,0
2026-01-24 06:00:00,121.97226071189148,4539.733140894328,506.5564234568617,0,0,0,0
2026-01-24 07:00:00,117.89507759589868,4452.973147558744,518.4854027907566,0,0,0,0
2026-01-24 08:00:00,121.44887428448206,4466.891578057972,479.7220809541493,0,0,0,0
2026-01-24 09:00:00,130.3770039932272,4432.029973982523,501.7137432280672,0,0,0,0
2026-01-24 10:00:00,124.35562351715846,4349.609160090788,481.4915074788083,0,0,0,0
2026-01-24 11:00:00,118.3698823391608,4516.454058087008,505.1076751134863,0,0,0,0
2026-01-24 12:00:00,126.00606961081972,4510.524598288099,482.0930735527395,0,0,0,0
2026-01-24 13:00:00,117.95962313489224,4461.046640742086,491.8379832167956,0,0,0,0
2026-01-24 14:00:00,109.80937732411071,4479.893169623761,480.0836921041954,0,0,0,0
2026-01-24 15:00:00,114.95956844541298,4503.771209812244,513.0227248364731,0,0,0,0
2026-01-24 16:00:00,110.64604039487072,4401.277571247232,517.1690223331333,0,0,0,0
2026-01-24 17:00:00,118.24243257979346,4454.382845388765,495.3075886008517,0,0,0,0
2026-01-24 18:00:00,120.09209189594776,4521.979328401692,500.76475989920056,0,0,0,0
2026-01-24 19:00:00,128.3821865613764,4420.982238426659,471.02817170732914,0,0,0,0
2026-01-24 20:00:00,121.63463686882082,4499.805221357973,494.0064670398643,0,0,0,0
2026-01-24 21:00:00,118.90449735595568,4418.728849682993,498.9959076591651,0,0,0,0
2026-01-24 22:00:00,124.14702790591744,4511.31005420036,552.4158618205995,0,0,0,0
2026-01-24 23:00:00,108.94432345496055,4487.63709612833,477.7606594845168,0,0,0,0
2026-01-25 00:00:00,121.17807279054284,4410.09319461245,529.2835447750488,0,0,0,0
2026-01-25 01:00:00,123.85432596943484,4550.517368295105,519.9371754693161,0,0,0,0
2026-01-25 02:00:00,112.60706877110078,4456.981436896865,505.6127280898027,0,0,0,0
2026-01-25 03:00:00,125.71877021603464,4454.629009050569,535.1724096839026,0,0,0,0
2026-01-25 04:00:00,121.69248203747208,4506.600705927355,507.4421094521372,0,0,0,0
2026-01-25 05:00:00,117.923560430496,4555.4347287017645,507.7831839133586,0,0,0,0
2026-01-25 06:00:00,123.16390933053142,4448.64238544593,498.93758693964907,0,0,0,0
2026-01-25 07:00:00,131.353464289022,4503.948084051769,524.4713776483726,0,0,0,0
2026-01-25 08:00:00,120.90933127529247,4523.73553174042,521.9293846762176,0,0,0,0
2026-01-25 09:00:00,121.24110293150169,4538.380602251569,487.4864542500758,0,0,0,0
2026-01-25 10:00:00,117.70319550229878,4513.978014816795,473.6150561080247,0,0,0,0
2026-01-25 11:00:00,115.75077815267603,4488.235160263287,495.9403872520869,0,0,0,0
2026-01-25 12:00:00,124.15167908272124,4466.637656349539,483.9992287120471,0,0,0,0
2026-01-25 13:00:00,115.71958087045566,4513.754976698813,498.7295085076929,0,0,0,0
2026-01-25 14:00:00,120.35783118609696,4457.271447111735,524.7487626936828,0,0,0,0
2026-01-25 15:00:00,117.61171276617442,4366.241488700806,490.8539668982642,0,0,0,0
2026-01-25 16:00:00,122.39489912873196,4535.56761824794,499.1435323737685,0,0,0,0
2026-01-25 17:00:00,121.66831052643474,4560.366985258887,501.1604546961679,0,0,0,0
2026-01-25 18:00:00,125.18769972128948,4398.454236592007,516.9686176441057,0,0,0,0
2026-01-25 19:00:00,117.44991800572626,4467.544938298122,455.0622133203079,0,0,0,0
2026-01-25 20:00:00,118.65062532353316,4550.4198017484005,487.8659941046941,0,0,0,0
2026-01-25 21:00:00,115.10618142108846,4623.767477348246,504.2256738455894,0,0,0,0
2026-01-25 22:00:00,117.77853369961944,4523.363004410952,524.0015791285372,0,0,0,0
2026-01-25 23:00:00,121.88650246522424,4487.353787130246,490.1619510498759,0,0,0,0
2026-01-26 00:00:00,173.78494308322678,4516.039727300981,462.4689458791625,1,0,0,1
2026-01-26 01:00:00,165.38917337911187,4595.358985478153,512.3942289193227,1,0,0,0
2026-01-26 02:00:00,174.34802960052832,4495.747570729038,487.2927522234874,1,0,0,1
2026-01-26 03:00:00,176.77818929402474,4489.5167945172725,476.2066668181928,1,0,0,1
2026-01-26 04:00:00,172.06717451611848,4506.769833905204,487.5130922057355,0,0,0,1
2026-01-26 05:00:00,179.38397906279033,4484.671194765891,496.309492846883,0,0,0,1
2026-01-26 06:00:00,166.13105400448214,4539.901756143087,487.9051067092357,0,0,0,0
2026-01-26 07:00:00,163.77672648344293,4616.432778431346,455.8886788580186,0,0,0,1
2026-01-26 08:00:00,161.1063987554786,4552.783434328191,517.9413239377426,0,0,0,0
2026-01-26 09:00:00,177.48022155744593,4525.442410730596,525.4975008255744,0,0,0,1
2026-01-26 10:00:00,173.2718282817703,4524.900137555654,513.0304398267901,0,0,0,0
2026-01-26 11:00:00,169.72207664544771,4462.761775731118,477.2462865915037,0,0,0,1
2026-01-26 12:00:00,171.39984313159908,4586.507420187831,495.9701693210496,0,0,0,0
2026-01-26 13:00:00,164.3725547635081,4539.890686644352,499.8695736954109,0,0,0,0
2026-01-26 14:00:00,182.2287598980841,4536.189165979982,511.9758877912382,0,0,0,1
2026-01-26 15:00:00,170.64610590987616,4706.299155216277,513.3668097743616,0,1,0,1
2026-01-26 16:00:00,170.54697397302448,4563.012037406839,485.31652402443007,0,0,0,0
2026-01-26 17:00:00,173.62883311949346,4511.915454648317,501.6399111282712,0,0,0,0
2026-01-26 18:00:00,172.40504615868355,4529.617742507319,509.1456080923048,0,0,0,0
2026-01-26 19:00:00,171.11942012139565,4609.788522941954,529.1164464429353,0,0,0,1
2026-01-26 20:00:00,166.04762772277343,4559.460373173527,514.0901307964945,0,0,0,0
2026-01-26 21:00:00,172.35734178567998,4483.313568895291,515.7811337475104,0,0,0,1
2026-01-26 22:00:00,179.41012248237516,4602.61952970444,501.6765325585872,0,0,0,1
2026-01-26 23:00:00,176.7271002307749,4524.681493863251,528.2091829040701,0,0,0,1
2026-01-27 00:00:00,177.96593313319698,4653.184202115599,508.19525591919,0,0,0,1
2026-01-27 01:00:00,167.44392161784407,4614.952331754975,482.7782417965286,0,0,0,0
2026-01-27 02:00:00,165.0519758987071,4540.014448850825,528.0673994025038,0,0,0,1
2026-01-27 03:00:00,169.37106539950176,4627.861976885039,513.9580654507805,0,0,0,0
2026-01-27 04:00:00,170.27862456144348,4568.634549489174,491.1391195774304,0,0,0,0
2026-01-27 05:00:00,175.47095759235475,4609.311072883436,490.4101406520151,0,0,0,1
2026-01-27 06:00:00,161.53767685142589,4592.3396451565695,505.93151090281526,0,0,0,0
2026-01-27 07:00:00,177.64775159730306,4527.215786706823,509.2636959053517,0,0,0,1
2026-01-27 08:00:00,169.20996050710505,4538.786743005014,503.9458453126241,0,0,0,0
2026-01-27 09:00:00,167.8655946502629,4623.892890664466,506.2261734688577,0,0,0,0
2026-01-27 10:00:00,164.93947812369916,4557.086698344601,533.9991474915277,0,0,0,1
2026-01-27 11:00:00,161.72571664067115,4555.07365695235,521.4308630446977,0,0,0,0
2026-01-27 12:00:00,174.11585291980958,4528.930566311502,503.8127118253005,0,0,0,0
2026-01-27 13:00:00,170.36658983594202,4599.297263723164,518.8262116153496,0,0,0,0
2026-01-27 14:00:00,163.55019550129472,4682.674171570169,479.3495219294492,0,0,0,1
2026-01-27 15:00:00,163.5246061396819,4527.601895059819,507.9585409989362,0,0,0,0
2026-01-27 16:00:00,168.32107650354936,4583.620128770691,536.1861269946622,0,0,0,1
2026-01-27 17:00:00,178.34510762644695,4654.450798872345,495.6390820921525,0,0,0,1
2026-01-27 18:00:00,168.70204324318198,4581.288316703809,483.04732142761833,0,0,0,0
2026-01-27 19:00:00,162.48428523440947,4609.319591243102,486.9582222281388,0,0,0,0
2026-01-27 20:00:00,168.77128467957027,4535.011940187792,478.2073392531522,0,0,0,1
2026-01-27 21:00:00,168.63638215126164,4610.977586620039,484.30476183744594,0,0,0,0
2026-01-27 22:00:00,156.51556678529215,4581.63563367395,492.5898380281994,0,0,0,0
2026-01-27 23:00:00,169.7285256674109,4641.709961872692,471.8886596164272,0,0,0,1
2026-01-28 00:00:00,168.84532734895663,4653.223379831456,500.3123666789921,0,0,0,0
2026-01-28 01:00:00,173.4810318240671,4724.76287451867,518.045543475733,0,0,0,1
2026-01-28 02:00:00,129.24478047472672,4625.696966242939,481.8448763970616,1,0,0,0
2026-01-28 03:00:00,125.6328251477388,4614.435738575889,530.3856784728354,1,0,0,0
2026-01-28 04:00:00,118.65555654722584,4609.295752990169,510.2158417705519,1,0,0,0
2026-01-28 05:00:00,114.46737045629165,4583.348838435288,520.6116117124811,1,0,0,0
2026-01-28 06:00:00,132.8667990162493,4619.361960413428,486.8433089229573,0,0,0,0
2026-01-28 07:00:00,120.29609217007244,4589.098312897912,517.0905045413323,0,0,0,0
2026-01-28 08:00:00,120.06964645956474,4613.722047382866,478.16132199209375,0,0,0,0
2026-01-28 09:00:00,119.87937456445,4672.609490514304,517.8049500167301,0,0,0,0
2026-01-28 10:00:00,120.99042380383928,4557.833100634444,503.4367867958706,0,0,0,0
2026-01-28 11:00:00,119.27819794038028,4666.5847721194,511.0650243996957,0,0,0,0
2026-01-28 12:00:00,117.13168996559882,4676.8772125944615,476.48810788750296,0,0,0,0
2026-01-28 13:00:00,117.26570529379804,4606.548648042434,482.0986031544679,0,0,0,0
2026-01-28 14:00:00,119.83623364892,4507.789944606079,511.9445643650677,0,0,0,0
2026-01-28 15:00:00,117.28287614433115,4584.922205366309,481.033039915516,0,0,0,0
2026-01-28 16:00:00,116.43577108661418,4681.593647213606,509.2641258419824,0,0,0,0
2026-01-28 17:00:00,120.53215113845948,4617.031131935128,472.6572438707951,0,0,0,0
2026-01-28 18:00:00,118.72511391289572,4569.640038599847,516.9634842533334,0,0,0,0
2026-01-28 19:00:00,127.51996494291345,4595.797019317703,475.3495337046298,0,0,0,0
2026-01-28 20:00:00,106.74515095803494,4664.497381868861,511.0459987535905,0,0,0,0
2026-01-28 21:00:00,125.45753425961232,4651.233674118224,512.51261867292,0,0,0,0
2026-01-28 22:00:00,126.23042596248814,4613.381005914191,486.0645636314085,0,0,0,0
2026-01-28 23:00:00,109.63304883795924,4608.417005446461,511.64053134169455,0,0,0,0
2026-01-29 00:00:00,118.28656202959826,4608.600933749525,505.2088452666711,0,0,0,0
2026-01-29 01:00:00,118.14279567002104,4583.498947141312,489.2231628761453,0,0,0,0
2026-01-29 02:00:00,112.9624415264109,4711.81885600423,479.82890631847584,0,0,0,0
2026-01-29 03:00:00,116.11091656204562,4616.364663234712,460.7474861665484,0,0,0,0
2026-01-29 04:00:00,114.44712077267086,4694.769227901075,506.99300094599386,0,0,0,0
2026-01-29 05:00:00,128.76135221711812,4711.407719620444,468.70394457275887,0,0,0,0
2026-01-29 06:00:00,124.6783919657373,4686.688077096239,501.90688398882617,0,0,0,0
2026-01-29 07:00:00,126.3577754749708,4616.62213171746,494.731035678355,0,0,0,0
2026-01-29 08:00:00,123.60836032021618,4659.820267034714,513.5828555087639,0,0,0,0
2026-01-29 09:00:00,114.35474114391386,4639.854597362858,493.9590900102027,0,0,0,0
2026-01-29 10:00:00,117.37739866860112,4597.309899810418,493.41104427305817,0,0,0,0
2026-01-29 11:00:00,122.4468728061396,4660.143572097525,514.637414085766,0,0,0,0
2026-01-29 12:00:00,113.88936095554028,4586.404233617976,506.7011605816824,0,0,0,0
2026-01-29 13:00:00,123.56499215086194,4706.170807763565,506.3231191436556,0,0,0,0
2026-01-29 14:00:00,118.79837300920931,4624.986588640088,509.38535179617054,0,0,0,0
2026-01-29 15:00:00,118.12589596225202,4659.706051463169,469.2885575358579,0,0,0,0
2026-01-29 16:00:00,123.55479984101746,4665.243077411356,515.1357735997397,0,0,0,0
2026-01-29 17:00:00,122.2213165574302,4639.564050313365,512.249375880272,0,0,0,0
2026-01-29 18:00:00,118.1951691709046,4683.2746042368535,479.66633742847006,0,0,0,0
2026-01-29 19:00:00,125.79664901682123,4631.625346496485,495.118390526516,0,0,0,0
2026-01-29 20:00:00,114.59468336200052,4700.366009364993,499.2138542474474,0,0,0,0
2026-01-29 21:00:00,123.07967803472133,4590.932775644315,497.3100643119653,0,0,0,0
2026-01-29 22:00:00,122.96550628984193,4665.981353798494,506.6771993313707,0,0,0,0
2026-01-29 23:00:00,118.45226780343005,4758.039439938608,528.6273356366237,0,0,0,0
2026-01-30 00:00:00,121.6306651112106,4612.507038919935,521.6353345534566,0,0,0,0
2026-01-30 01:00:00,113.74443211807348,4630.066971788492,473.7556161313719,0,0,0,0
2026-01-30 02:00:00,124.6201350960345,4691.080227962202,512.441399806121,0,0,0,0
2026-01-30 03:00:00,119.07548931778506,4675.794539740757,526.5786663907082,0,0,0,0
2026-01-30 04:00:00,117.3863848974048,4685.777570771976,507.73617041378407,0,0,0,0
2026-01-30 05:00:00,125.24504612918444,4694.136037480201,521.8196085037193,0,0,0,0
2026-01-30 06:00:00,116.4782815472862,4702.843369565428,540.2454089140153,0,0,0,0
2026-01-30 07:00:00,112.9576935181822,4728.022903399671,520.4741909221397,0,0,0,0
2026-01-30 08:00:00,112.21685413238048,4694.459459312806,504.98617191283455,0,0,0,0
2026-01-30 09:00:00,123.0300497567282,4663.336258899974,520.901769481695,0,0,0,0
2026-01-30 10:00:00,113.5978532375186,4710.458441855559,502.8977566619378,0,0,0,0
2026-01-30 11:00:00,128.7739709099218,4773.254468704704,500.4780608656991,0,0,0,0
2026-01-30 12:00:00,109.59035296058138,4673.059299805335,492.9717152857253,0,0,0,0
2026-01-30 13:00:00,128.4822818414502,4632.395137055452,531.2682671766422,0,0,0,0
2026-01-30 14:00:00,121.05508733601307,4737.906250917854,483.63142668116,0,0,0,0
2026-01-30 15:00:00,119.51643444064804,4677.9637744203455,530.6473544935623,0,0,0,0
2026-01-30 16:00:00,117.27540456595526,4576.779970481844,509.9972824748074,0,0,0,0
2026-01-30 17:00:00,121.99568057176036,4729.215146804588,472.0138765039612,0,0,0,0
2026-01-30 18:00:00,119.81182648787576,4661.508268813892,507.3529858598285,0,0,0,0
2026-01-30 19:00:00,125.5165094100826,4685.1786291609005,457.99946984696754,0,0,0,0
2026-01-30 20:00:00,120.5711382433102,4707.734924969081,512.5101603366207,0,0,0,0
2026-01-30 21:00:00,120.7515088073094,4702.091507594103,517.7046296597798,0,0,0,0
2026-01-30 22:00:00,118.18193893893071,4729.469729626622,488.1528808869589,0,0,0,0
2026-01-30 23:00:00,119.71527188139466,4673.653435405699,502.4709539191117,0,0,0,0
2026-01-31 00:00:00,121.5390088444603,4722.513659007516,539.0831486750058,0,0,0,0
2026-01-31 01:00:00,111.44915803671688,4685.311650384037,489.8850659147613,0,0,0,0
2026-01-31 02:00:00,113.25907288947144,4736.660123472128,478.821848258868,0,0,0,0
2026-01-31 03:00:00,123.71632047011356,4731.918588792928,529.633268049252,0,0,0,0
2026-01-31 04:00:00,120.85432719063972,4655.808894654566,539.2517438106158,0,0,0,0
2026-01-31 05:00:00,119.0800833182366,4758.310550730068,500.07391343695696,0,0,0,0
2026-01-31 06:00:00,120.09216966532696,4678.643887830134,520.2292607081671,0,0,0,0
2026-01-31 07:00:00,121.73790852680835,4747.275565164415,526.8295183106176,0,0,0,0
2026-01-31 08:00:00,117.3012015984532,4726.6676560849455,485.1503153492323,0,0,0,0
2026-01-31 09:00:00,116.10847637298843,4801.643089419155,490.29388329264265,0,0,0,0
2026-01-31 10:00:00,120.9792262754884,4699.991221625327,524.6174902630947,0,0,0,0
2026-01-31 11:00:00,115.10813611192484,4695.12929610253,533.7002855741702,0,0,0,0
2026-01-31 12:00:00,122.04126377857236,4713.054770778575,511.2576172034871,0,0,0,0
2026-01-31 13:00:00,111.4870819788108,4700.297377095769,482.4037129299589,0,0,0,0
2026-01-31 14:00:00,125.14577818662822,4756.8840764991055,539.7412222339888,0,0,0,0
2026-01-31 15:00:00,122.3629874120652,4637.502066144694,489.3805820437607,0,0,0,0
2026-01-31 16:00:00,121.28014867156938,4667.064090773727,493.297244376571,0,0,0,0
2026-01-31 17:00:00,124.91345491972756,4667.788680816605,506.8467566897924,0,0,0,0
2026-01-31 18:00:00,128.32737222231287,4770.124821658765,531.0832084142955,0,0,0,0
2026-01-31 19:00:00,125.07185032509064,4809.570725853702,517.0795195310445,0,0,0,0
2026-01-31 20:00:00,110.79562884334176,4720.2482114622535,508.2973100072382,0,0,0,0
2026-01-31 21:00:00,113.6021151663215,4718.460201394148,509.2657706023621,0,0,0,0
2026-01-31 22:00:00,116.8759071115216,4731.834510873828,500.8702933728693,0,0,0,0
2026-01-31 23:00:00,120.13045525105416,4787.8564330130985,511.1627902903701,0,0,0,0
2026-02-01 00:00:00,122.5882951023456,4684.825476337682,449.408798446114,0,0,0,0
2026-02-01 01:00:00,116.37128093423269,4744.542197348471,494.067850818604,0,0,0,0
2026-02-01 02:00:00,120.9338338223854,4782.814244865373,504.8264386983356,0,0,0,0
2026-02-01 03:00:00,116.2230853382334,4760.539687037764,476.9797183276099,0,0,0,0
2026-02-01 04:00:00,116.94241098504024,4746.39467453523,507.7264663562312,0,0,0,0
2026-02-01 05:00:00,112.96669451575887,4788.398513498171,495.9105755802776,0,0,0,0
2026-02-01 06:00:00,115.38383376944547,4604.615209384373,535.1095139663098,0,0,0,0
2026-02-01 07:00:00,113.24157697191832,4775.1012051754005,531.4603945042971,0,0,0,0
2026-02-01 08:00:00,115.12063373511332,4709.934270207005,490.6838886176368,0,0,0,0
2026-02-01 09:00:00,125.2682089830392,4652.537024685074,496.9832457686661,0,0,0,0
2026-02-01 10:00:00,115.25300555584028,4771.059414668667,498.52104868783215,0,0,0,0
2026-02-01 11:00:00,133.16191032418695,4815.612827115087,490.9668104768076,0,0,0,0
2026-02-01 12:00:00,122.46658950440444,4741.488089290075,503.9004996805625,0,0,0,0
2026-02-01 13:00:00,120.92418061847437,4797.434857546126,484.8343586222482,0,0,0,0
2026-02-01 14:00:00,115.70821109909392,4831.835658249933,477.3876933012495,0,0,0,0
2026-02-01 15:00:00,123.50154939704495,4818.398083194224,512.4542244780054,0,0,0,0
2026-02-01 16:00:00,117.12181086881112,4836.081202148112,512.5905916844362,0,0,0,0
2026-02-01 17:00:00,120.6100490732268,4792.619965397658,483.9136848068002,0,0,0,0
2026-02-01 18:00:00,132.80042269134398,4760.715887953664,517.907108615252,0,0,0,0
2026-02-01 19:00:00,119.51970050137676,4678.276530578246,487.36844541669336,0,0,0,0
2026-02-01 20:00:00,125.74636663142836,4747.502311931128,505.0633047607597,0,0,0,0
2026-02-01 21:00:00,116.48411787437055,4719.073721736336,516.4068802522492,0,0,0,0
2026-02-01 22:00:00,119.8250575475152,4871.213802541558,499.3277487059257,0,0,0,0
2026-02-01 23:00:00,128.85400317817755,4755.302991209571,509.0948182428226,0,0,0,0
2026-02-02 00:00:00,116.86516471106115,4771.688137334932,489.6714071222486,0,0,0,0
2026-02-02 01:00:00,129.06224278998465,4794.532780962252,496.07066833143807,0,0,0,0
2026-02-02 02:00:00,123.53875967727738,4770.569249643373,495.8828113823932,0,0,0,0
2026-02-02 03:00:00,117.18766612052866,4854.572294510808,485.0684330691952,0,0,0,0
2026-02-02 04:00:00,123.1620386952776,4740.117889567069,496.46451673768433,0,0,0,0
2026-02-02 05:00:00,124.86277224813364,4782.4113455801735,469.02763402272507,0,0,0,0
2026-02-02 06:00:00,123.10904981108598,4736.988058697931,490.1769250571579,0,0,0,0
2026-02-02 07:00:00,112.14887640054772,4709.541077586318,494.3024901326066,0,0,0,0
2026-02-02 08:00:00,116.36431412087566,4746.3843637666105,494.8764049500924,0,0,0,0
2026-02-02 09:00:00,118.76240682224248,4776.551593623974,495.1700510825845,0,0,0,0
2026-02-02 10:00:00,119.62783285449976,4758.368937415053,498.7647160027974,0,0,0,0
2026-02-02 11:00:00,123.1033604877534,4746.643614811744,509.5888303617213,0,0,0,0
2026-02-02 12:00:00,120.88850500466629,4712.379405786365,517.4903414826505,0,0,0,0
2026-02-02 13:00:00,113.32327820644949,4779.970615503044,487.0046954630346,0,0,0,0
2026-02-02 14:00:00,121.9009892550298,4710.320490597448,475.9359828922171,0,0,0,0
2026-02-02 15:00:00,123.05292872641913,4824.989922648,479.1591117551379,0,0,0,0
2026-02-02 16:00:00,122.7989522396552,4792.539727274765,490.2559415761015,0,0,0,0
2026-02-02 17:00:00,125.4039036277731,4716.970779819314,492.9615736436698,0,0,0,0
2026-02-02 18:00:00,124.16961077274452,4775.8185161045885,484.6000786760508,0,0,0,0
2026-02-02 19:00:00,122.2959003961422,4755.101764842073,474.0776667150021,0,0,0,0
2026-02-02 20:00:00,119.64917144270676,4810.098925807082,490.8775834505162,0,0,0,0
2026-02-02 21:00:00,111.69519533242004,4862.593337751801,503.6285324022794,0,0,0,0
2026-02-02 22:00:00,122.14809109566292,4703.242807132878,511.9005893167113,0,0,0,0
2026-02-02 23:00:00,121.03843843581556,4804.183349737055,488.8515389378336,0,0,0,0
2026-02-03 00:00:00,121.35789418597686,4791.856021165874,491.74004355713134,0,0,0,0
2026-02-03 01:00:00,113.61625712089844,4834.86027993125,481.4660338230538,0,0,0,0
2026-02-03 02:00:00,114.59471729795868,4813.383722685132,499.3712165925045,0,0,0,0
2026-02-03 03:00:00,125.26576426666452,4766.556039850827,483.0314273161837,0,0,0,0
2026-02-03 04:00:00,119.80222423071672,4789.632424818959,511.462556264824,0,0,0,0
2026-02-03 05:00:00,123.40750348686312,4767.214443926635,464.28267016131775,0,0,0,0
2026-02-03 06:00:00,120.1415918806523,4862.24670886126,492.8074065509508,0,0,0,0
2026-02-03 07:00:00,120.14878069747871,4810.942549529448,506.0221467838349,0,0,0,0
2026-02-03 08:00:00,124.69141902988,4906.367116548023,303.6766903264501,0,0,1,1
2026-02-03 09:00:00,117.41977635891313,4809.705156734161,353.86067327960995,0,0,1,1
2026-02-03 10:00:00,120.48060388470492,4778.74847424389,306.99600049135813,0,0,1,1
2026-02-03 11:00:00,117.6886235564748,4739.913708123293,279.9189080631598,0,0,1,1
2026-02-03 12:00:00,117.82751886283842,4726.873059105657,298.09071505821856,0,0,1,1
2026-02-03 13:00:00,118.4541393826568,4739.253860932701,264.47507333067097,0,0,1,1
2026-02-03 14:00:00,121.11066885816857,4833.24760579807,298.3880050140648,0,0,0,1
2026-02-03 15:00:00,117.60625689168262,4846.758139573513,283.33887885998485,0,0,0,1
2026-02-03 16:00:00,126.2787806278676,4743.692968474931,318.30780551120324,0,0,0,1
2026-02-03 17:00:00,115.52696348890248,4868.935034444865,289.0091945080893,0,0,0,1
2026-02-03 18:00:00,119.0656417791932,4801.460681321408,297.66468168409506,0,0,0,1
2026-02-03 19:00:00,117.80134470862912,4834.383999669378,287.28884317191194,0,0,0,1
2026-02-03 20:00:00,127.23488942176868,4909.085995647391,334.77702703706666,0,0,0,1
2026-02-03 21:00:00,120.98277388255788,4874.747545192418,293.5751446776418,0,0,0,1
2026-02-03 22:00:00,125.15922269734315,4817.90966216837,336.6511408695841,0,0,0,1
2026-02-03 23:00:00,112.57219813481514,4788.207198457419,316.2830352423654,0,0,0,1
2026-02-04 00:00:00,121.33525132934628,4726.606654826239,309.6413345467077,0,0,0,1
2026-02-04 01:00:00,124.4481539781172,4799.670374095103,307.3746629463504,0,0,0,1
2026-02-04 02:00:00,120.41141994637712,4826.5021432803605,307.875945964325,0,0,0,1
2026-02-04 03:00:00,125.32740187532676,4789.130294028707,261.4465484130878,0,0,0,1
2026-02-04 04:00:00,117.41355774949814,4833.357037196171,494.4223321169849,0,0,0,0
2026-02-04 05:00:00,127.0467372009279,4845.193094863245,516.9031594236865,0,0,0,0
2026-02-04 06:00:00,131.49449061809625,4831.538316789424,499.0220563305179,0,0,0,0
2026-02-04 07:00:00,118.18580719780172,4811.711602003176,471.8962030639285,0,0,0,0
2026-02-04 08:00:00,117.77248739299614,4854.075079807206,498.9519109884506,0,0,0,0
2026-02-04 09:00:00,127.2669223855885,4869.16999385186,534.0821103251099,0,0,0,0
2026-02-04 10:00:00,127.89786072865355,4793.983622665769,524.9378343106944,0,0,0,0
2026-02-04 11:00:00,117.38569986423366,4920.480810689745,498.75991981267936,0,0,0,0
2026-02-04 12:00:00,117.89906591452072,4846.43540025274,519.0289855411618,0,0,0,0
2026-02-04 13:00:00,118.59107695569746,4853.737903178716,492.6698595926389,0,0,0,0
2026-02-04 14:00:00,113.27774744482862,4889.636758358823,465.9225682634656,0,0,0,0
2026-02-04 15:00:00,115.406740267579,4867.3174589236905,481.5106802374089,0,0,0,0
2026-02-04 16:00:00,114.97929616623966,4904.7440992206975,531.2577753701639,0,0,0,0
2026-02-04 17:00:00,116.16101217447935,4872.874090949647,494.52013836341393,0,0,0,0
2026-02-04 18:00:00,119.8265755630661,4829.326629122055,495.13232041249967,0,0,0,0
2026-02-04 19:00:00,121.1710736626826,4879.454289278903,494.0032360745024,0,0,0,0
2026-02-04 20:00:00,127.7525024640704,4805.623417817085,538.0827317914601,0,0,0,0
2026-02-04 21:00:00,115.00822979630604,4869.668328636465,532.5191783072413,0,0,0,0
2026-02-04 22:00:00,124.92161199238292,4864.009458979937,544.3756046689626,0,0,0,0
2026-02-04 23:00:00,118.93005577887246,4856.695730813054,496.81909579199896,0,0,0,0
2026-02-05 00:00:00,119.75268145173784,4862.105313269255,505.9124897749419,0,0,0,0
2026-02-05 01:00:00,123.374097460833,4775.87035173084,469.6671490115842,0,0,0,0
2026-02-05 02:00:00,114.3863898921885,4843.957173783195,529.5386885223655,0,0,0,0
2026-02-05 03:00:00,121.91204873092023,4877.46627939182,476.6444089746413,0,0,0,0
2026-02-05 04:00:00,120.83226104106528,4882.247469099155,504.3355112752526,0,0,0,0
2026-02-05 05:00:00,122.46225632004077,4824.301507617508,478.0539494473432,0,0,0,0
2026-02-05 06:00:00,121.44584321953909,4940.401271871561,488.2226634652261,0,0,0,0
2026-02-05 07:00:00,132.27650069955448,4835.237752582121,483.254751379006,0,0,0,0
2026-02-05 08:00:00,116.8113000787434,4928.449970183705,487.84249478648366,0,0,0,0
2026-02-05 09:00:00,117.34501522499092,4902.767443415472,489.2175459370204,0,0,0,0
2026-02-05 10:00:00,116.88429736787616,4850.526974994219,489.0346241014985,0,0,0,0
2026-02-05 11:00:00,117.22261440419872,4973.034500281405,516.6666782356061,0,0,0,0
2026-02-05 12:00:00,116.81306436346742,4826.017729227627,477.9027441387496,0,0,0,0
2026-02-05 13:00:00,125.94508265553776,4933.087894660472,504.41082854027735,0,0,0,0
2026-02-05 14:00:00,127.10252123994928,4938.589917046641,524.3591830461112,0,0,0,0
2026-02-05 15:00:00,117.14626853125262,4856.46040585518,489.73607270973207,0,0,0,0
2026-02-05 16:00:00,115.83822213447884,4961.04529647675,485.641622185048,0,0,0,0
2026-02-05 17:00:00,122.35707778193202,4880.350320908106,495.38950749639497,0,0,0,0
2026-02-05 18:00:00,117.23888477859516,4908.717943266568,523.5945041672142,0,0,0,0
2026-02-05 19:00:00,123.16465908877755,4908.729968905656,503.8821526190672,0,0,0,0
2026-02-05 20:00:00,121.01461510425648,4890.429055058089,489.375714107848,0,0,0,0
2026-02-05 21:00:00,112.42127942501384,4939.115520954127,509.6775330237608,0,0,0,0
2026-02-05 22:00:00,127.73752600665031,4939.680158488269,477.9541570032715,0,0,0,0
2026-02-05 23:00:00,128.9793883654776,4814.00973896327,513.6271902088589,0,0,0,0
2026-02-06 00:00:00,116.93605654757806,4968.083964933607,508.1721461540354,0,0,0,0
2026-02-06 01:00:00,118.06149220032007,4821.172968552437,493.8438305772223,0,0,0,0
2026-02-06 02:00:00,121.42932695362452,4957.355493335824,483.2282840310554,0,0,0,0
2026-02-06 03:00:00,121.67228394993512,4963.494055124641,482.2663815543309,0,0,0,0
2026-02-06 04:00:00,123.29272136336417,4854.041091937022,510.6963467269182,0,0,0,0
2026-02-06 05:00:00,130.05102269383175,4889.479314214575,524.5796100497812,0,0,0,0
2026-02-06 06:00:00,119.11526386252976,4856.165410352527,487.2538450594241,0,0,0,0
2026-02-06 07:00:00,116.00851377730773,4902.135207426908,509.1677340710297,0,0,0,0
2026-02-06 08:00:00,113.10340385992735,4898.910159896578,458.2594596279586,0,0,0,0
2026-02-06 09:00:00,116.3453498002904,4954.725515883853,488.307645386856,0,0,0,0
2026-02-06 10:00:00,119.83436513563102,4982.688541740888,499.37882134258194,0,0,0,0
2026-02-06 11:00:00,128.97278931758893,4988.387910138926,481.8063316603633,0,0,0,0
2026-02-06 12:00:00,117.41194350481916,4891.925933435034,481.2698725042081,0,0,0,0
2026-02-06 13:00:00,121.11893975819449,4911.003856241243,486.6444088706223,0,0,0,0
2026-02-06 14:00:00,119.91788551963624,4838.723655481943,505.84385456652745,0,0,0,0
2026-02-06 15:00:00,125.94196636724044,4884.032676932701,496.2534196318725,0,0,0,0
2026-02-06 16:00:00,132.6346621293681,4973.999377076904,455.2353753335005,0,0,0,0
2026-02-06 17:00:00,117.3456561353984,5007.966551763964,457.58599694729867,0,0,0,0
2026-02-06 18:00:00,117.5528027874089,4866.900582157077,487.8626964428565,0,0,0,0
2026-02-06 19:00:00,125.22080438534536,4900.425427957949,509.15373172107104,0,0,0,0
2026-02-06 20:00:00,123.40945744813156,4930.158968232168,445.0499031454953,0,0,0,0
2026-02-06 21:00:00,129.23353662868016,4946.917929185615,490.0053964769674,0,0,0,0
2026-02-06 22:00:00,122.91964092662982,4893.860310413073,489.4750428696516,0,0,0,0
2026-02-06 23:00:00,118.2035395460647,4956.974153796881,527.766755564169,0,0,0,0
2026-02-07 00:00:00,122.95327415346156,4913.509749384652,492.29956376574273,0,0,0,0
2026-02-07 01:00:00,125.54351790291454,4937.909718358804,507.65977969481855,0,0,0,0
2026-02-07 02:00:00,124.10241090598682,4967.377159467424,502.8251428017493,0,0,0,0
2026-02-07 03:00:00,122.53637015553647,4941.814675722307,457.388670403856,0,0,0,0
2026-02-07 04:00:00,125.33337344794576,4921.104882869951,515.3641443326347,0,0,0,0
2026-02-07 05:00:00,125.84647795222835,4938.874302364509,504.3079301091258,0,0,0,0
2026-02-07 06:00:00,126.91079495518764,4941.367259765055,510.16537279349177,0,0,0,0
2026-02-07 07:00:00,123.24354943794822,4928.715471395736,578.5247541287265,0,0,1,0
2026-02-07 08:00:00,119.16440959841572,4935.706834921008,458.3177412100282,0,0,0,0
2026-02-07 09:00:00,120.73356843216662,5030.00961174412,534.4939329952222,0,0,0,0
2026-02-07 10:00:00,126.0325448325418,4979.553840780466,494.25104961199287,0,0,0,0
2026-02-07 11:00:00,115.9153216450638,4938.164467646468,505.7465780880602,0,0,0,0
2026-02-07 12:00:00,121.8433665443645,4989.216818937984,499.0897550939752,0,0,0,0
2026-02-07 13:00:00,118.0333059383632,4939.108739389167,491.5152733320391,0,0,0,0
2026-02-07 14:00:00,120.14372411467409,5015.88656092082,488.6033414352248,0,0,0,0
2026-02-07 15:00:00,126.39225931303648,4977.143053815914,506.5901747114602,0,0,0,0
2026-02-07 16:00:00,120.95549534009952,4954.726452170318,469.6565260665664,0,0,0,0
2026-02-07 17:00:00,120.23218274078074,4983.908020825564,515.0115833504353,0,0,0,0
2026-02-07 18:00:00,113.2007192951004,4884.408982096145,491.6761119022949,0,0,0,0
2026-02-07 19:00:00,123.7312678301361,4908.045031418602,477.3986132191928,0,0,0,0
2026-02-07 20:00:00,123.22742090570536,4906.11776970866,490.9997428400837,0,0,0,0
2026-02-07 21:00:00,130.8162736165273,4974.391789931318,525.1429843372515,0,0,0,0
2026-02-07 22:00:00,118.461108825235,5055.301000331908,489.2932982596756,0,0,0,0
2026-02-07 23:00:00,121.0957516383197,5081.670872831806,507.1690723641924,0,0,0,0
2026-02-08 00:00:00,121.24691841855378,5003.439035758734,485.3808744856905,0,0,0,0
2026-02-08 01:00:00,127.88726639881736,4998.009319598439,515.1584369984724,0,0,0,0
2026-02-08 02:00:00,119.52352233806523,4884.3448243081,513.7101547758041,0,0,0,0
2026-02-08 03:00:00,121.39510762885168,4948.694636193556,536.9721766659283,0,0,0,0
2026-02-08 04:00:00,123.0394825485827,4937.869753749366,496.4887210900157,0,0,0,0
2026-02-08 05:00:00,120.9330456157818,4947.647176596744,513.3730960951582,0,0,0,0
2026-02-08 06:00:00,117.76783192724736,4971.712980744581,501.9613507907789,0,0,0,0
2026-02-08 07:00:00,120.97044996449154,4957.946257953484,525.9174356372603,0,0,0,0
2026-02-08 08:00:00,125.36815874929886,4884.016411484072,485.6233522478254,0,0,0,0
2026-02-08 09:00:00,114.8674235029447,5021.807529973259,514.9001062575456,0,0,0,0
2026-02-08 10:00:00,120.66484837073438,4932.205481044912,496.1060540776664,0,0,0,0
2026-02-08 11:00:00,116.49939592530411,4999.235590701981,498.71623645783006,0,0,0,0
2026-02-08 12:00:00,125.9752331446242,5092.407996148442,501.8350496889674,0,0,0,0
2026-02-08 13:00:00,112.38406547608112,4944.165248246144,505.0448079285336,0,0,0,0
2026-02-08 14:00:00,117.20539076364206,4865.050716852669,497.6754191375608,0,0,0,0
2026-02-08 15:00:00,121.8860593753226,4978.695497060501,504.2942636634105,0,0,0,0
2026-02-08 16:00:00,127.8276201461717,5049.474305068955,531.5623611512436,0,0,0,0
2026-02-08 17:00:00,119.67124869463508,5093.774311194578,519.7089937123044,0,0,0,0
2026-02-08 18:00:00,117.224002366534,4935.810073925448,517.383091849938,0,0,0,0
2026-02-08 19:00:00,129.40578534720294,5023.553129974415,490.8892094795226,0,0,0,0
2026-02-08 20:00:00,112.75993049791876,4976.883261138108,482.2151834354335,0,0,0,0
2026-02-08 21:00:00,109.00597021689958,4996.281981426424,519.106011164755,0,0,0,0
2026-02-08 22:00:00,122.20007225026666,5135.227181657004,517.5209358505958,0,0,0,0
2026-02-08 23:00:00,117.48972887823696,4929.292113050915,529.4534135150196,0,0,0,0
2026-02-09 00:00:00,114.89383591434644,5018.558227709921,487.9203874806154,0,0,0,0
2026-02-09 01:00:00,123.54178223649676,5030.686518387985,495.40902689279307,0,0,0,0
2026-02-09 02:00:00,121.219003568856,5063.021791211202,467.2103167494913,0,0,0,0
2026-02-09 03:00:00,117.17960684631636,5015.0622478023,492.15057787878254,0,0,0,0
2026-02-09 04:00:00,113.59847800664552,5026.996232268481,519.931410211589,0,0,0,0
2026-02-09 05:00:00,124.36228664140071,4993.441892086707,490.6700924154361,0,0,0,0
2026-02-09 06:00:00,123.2510058897933,5027.911282684573,512.8095959040165,0,0,0,0
2026-02-09 07:00:00,119.50412068110307,4998.725937011967,496.1899378800438,0,0,0,0
2026-02-09 08:00:00,129.23318498023832,5048.394760444162,506.4811405644312,0,0,0,0
2026-02-09 09:00:00,114.64957616836924,5000.266264313698,477.0461722036866,0,0,0,0
2026-02-09 10:00:00,112.37237414537633,5039.03241597551,501.7041889926781,0,0,0,0
2026-02-09 11:00:00,116.54045965059376,5020.144870760672,440.1772805819856,0,0,1,0
2026-02-09 12:00:00,119.77206991822251,5079.34113914805,496.2620768367603,0,0,0,0
2026-02-09 13:00:00,121.21669724661346,5021.8995555945385,467.3905351256972,0,0,0,0
2026-02-09 14:00:00,118.79381971071837,4937.248233528139,524.1198903309363,0,0,0,0
2026-02-09 15:00:00,121.76027698257148,5090.426547138704,515.5481470552902,0,0,0,0
2026-02-09 16:00:00,113.74230287904778,4983.474472224394,509.3334196393216,0,0,0,0
2026-02-09 17:00:00,127.2188230203663,4997.5033854996045,530.4201245431876,0,0,0,0
2026-02-09 18:00:00,119.58924410803716,5001.839252894391,481.0216695835032,0,0,0,0
2026-02-09 19:00:00,125.58647915794064,5101.774837419628,534.9472639583112,0,0,0,0
2026-02-09 20:00:00,121.71362673188852,4927.6998372266735,518.6438312852077,0,0,0,0
2026-02-09 21:00:00,122.28376609576893,5192.801589773128,495.2688942556211,0,0,0,0
2026-02-09 22:00:00,122.84883640116102,5090.147618707952,522.7124029436588,0,0,0,0
2026-02-09 23:00:00,122.23854280008658,5049.937339125629,477.8741297517673,0,0,0,0
2026-02-10 00:00:00,123.21361379933772,5037.461308552876,483.5097167694465,0,0,0,0
2026-02-10 01:00:00,126.64576265066216,5055.914327491095,487.828205535206,0,0,0,0
2026-02-10 02:00:00,120.98260584850736,5069.123360331699,489.4204458387197,0,0,0,0
2026-02-10 03:00:00,123.54501878794257,5076.758633374757,478.8688471447949,0,0,0,0
2026-02-10 04:00:00,119.55132152856386,5073.708692541946,524.4616613419065,0,0,0,0
2026-02-10 05:00:00,127.20058607724737,5051.838118469057,494.8229119926034,0,0,0,0
2026-02-10 06:00:00,116.61803848970364,5038.922778555449,507.0500993671376,0,0,0,0
2026-02-10 07:00:00,129.0047021645541,5042.656650552661,488.5929726717264,0,0,0,0
2026-02-10 08:00:00,119.79921024677827,5041.905515882223,463.5879339890296,0,0,0,0
2026-02-10 09:00:00,112.84612448940976,5109.770049907731,505.40114716782847,0,0,0,0
2026-02-10 10:00:00,120.64052207455394,5084.189996342941,461.7549004916045,0,0,0,0
2026-02-10 11:00:00,116.5947417126256,4908.923343660205,498.6273190782906,0,0,0,0
2026-02-10 12:00:00,124.2032177449436,5090.168429384428,472.6336992233438,0,0,0,0
2026-02-10 13:00:00,116.73688010348803,5068.540815458399,539.7455199846162,0,0,0,0
2026-02-10 14:00:00,117.7690828339261,5059.299183064687,518.2272544434944,0,0,0,0
2026-02-10 15:00:00,110.55229634527234,5042.239313397058,502.1150758254296,0,0,0,0
2026-02-10 16:00:00,117.7384684037546,5119.301487215324,525.2741335530934,0,0,0,0
2026-02-10 17:00:00,107.8806033668552,5111.902789486687,483.0736804506853,0,0,0,0
2026-02-10 18:00:00,112.08048588257138,5027.313198153884,510.8695875734019,0,0,0,0
2026-02-10 19:00:00,123.80207328072149,5087.740311065812,503.9962086743743,0,0,0,0
2026-02-10 20:00:00,123.92900079325416,5020.235475147041,505.2804016266734,0,0,0,0
2026-02-10 21:00:00,122.12728780892482,5001.26801879918,525.4470700021353,0,0,0,0
2026-02-10 22:00:00,115.16511928435392,5040.343680973649,514.6498420555961,0,0,0,0
2026-02-10 23:00:00,119.7614432192901,5116.229830986806,505.77447325650047,0,0,0,0
2026-02-11 00:00:00,119.98198730454716,5122.197024800993,466.9022512754341,0,0,0,0
2026-02-11 01:00:00,114.20817655403728,5101.625658701574,480.79907409441074,0,0,0,0
2026-02-11 02:00:00,127.51699150883576,5113.65679220363,497.5458213280856,0,0,0,0
2026-02-11 03:00:00,124.38681145287836,5104.641532381499,501.867447485533,0,0,0,0
2026-02-11 04:00:00,118.89517913085167,5048.189153429124,477.3959255065215,0,0,0,0
2026-02-11 05:00:00,120.13442919497264,5103.28997558849,548.2335335115685,0,0,0,0
2026-02-11 06:00:00,121.04191403973776,5123.144939780697,530.3278811050715,0,0,0,0
2026-02-11 07:00:00,109.79132565787856,5122.269645174512,512.0423664078496,0,0,0,0
2026-02-11 08:00:00,118.76411308739702,5145.431362422087,501.4407372256749,0,0,0,0
2026-02-11 09:00:00,116.590078760011,5122.831501372929,495.75582060197695,0,0,0,0
2026-02-11 10:00:00,114.99189995052542,5106.419334554475,480.9616307995553,0,0,0,0
2026-02-11 11:00:00,118.59449853557022,5143.785051257738,501.54961037037725,0,0,0,0
2026-02-11 12:00:00,128.9884326342476,5090.382091543985,505.155050802855,0,0,0,0
2026-02-11 13:00:00,123.20421430633505,5049.045037109572,475.1647884903675,0,0,0,0
2026-02-11 14:00:00,117.14410505108602,5086.416036638291,506.6835283448979,0,0,0,0
2026-02-11 15:00:00,122.8629139067808,5058.754867759677,496.894819023505,0,0,0,0
